row,plant,mass,BER,fungus,cracking,penetrometer,sugar 1,sugar 2,sugar_avg,date_harvest,date_analysis,,
3,6,416.5,0,0,0,1.5,4.4,4.5,4.5,8/1/2024,8/5/2024,,
4,4,288.4,0,0,0,0.4,5.7,6.2,6.0,8/1/2024,8/5/2024,,
4,2,183.7,0,0,0,0.8,6.4,6.3,6.4,8/1/2024,8/5/2024,,
3,5,241.3,0,0,0,0.2,6.5,6.5,6.5,8/1/2024,8/5/2024,,
2,5,234.1,0,0,0,0.7,4.1,4.2,4.2,8/1/2024,8/5/2024,,
3,7,244.6,0,0,0,0.4,4.8,5.0,4.9,8/1/2024,8/5/2024,,
4,1,326.9,0,0,0,1.1,5.6,5.7,5.7,8/1/2024,8/5/2024,,
2,10,186.2,1,1,0,,,,,8/1/2024,8/5/2024,,
3,8,186.2,0,0,0,1.1,5.0,5.3,5.2,8/1/2024,8/5/2024,,
2,2,251.8,0,0,0,0.8,5.1,5.0,5.1,8/1/2024,8/5/2024,,
1,7,286.0,0,0,0,1.1,5.6,5.5,5.6,8/1/2024,8/5/2024,,
2,8,310.9,0,0,0,0.8,5.3,5.3,5.3,8/1/2024,8/5/2024,,
2,2,236.4,0,0,0,1.0,5.2,5.1,5.2,8/1/2024,8/5/2024,,
2,2,177.3,0,0,0,0.4,6.0,5.8,5.9,8/1/2024,8/5/2024,,
2,6,80.5,1,1,0,,,,,8/1/2024,8/5/2024,,
2,10,80.5,1,1,0,,,,,8/1/2024,8/5/2024,,
1,2,100.3,1,1,0,,,,,8/1/2024,8/5/2024, ,
1,9,46.2,1,1,0,,,,,8/1/2024,8/5/2024,,
1,4,103.0,1,1,0,,,,,8/1/2024,8/5/2024,,
1,9,106.7,1,1,0,,,,,8/1/2024,8/5/2024,,
2,5,263.8,0,0,0,1.0,4.6,4.4,4.5,8/9/2024,8/12/2024,,
1,5,170.8,0,0,0,1.0,4.8,4.7,4.8,8/9/2024,8/12/2024,,
4,3,224.2,0,0,0,0.2,5.2,5.5,5.4,8/9/2024,8/12/2024,,
3,11,27.7,1,1,0,,,,,8/9/2024,8/12/2024,,
4,4,161.6,1,1,0,,,,,8/9/2024,8/12/2024,,
3,11,16.9,1,1,0,,,,,8/9/2024,8/12/2024,,
2,7,223.2,0,0,0,0.8,5.5,5.7,5.6,8/9/2024,8/12/2024,,
3,3,339.1,0,0,0,0.9,4.3,4.2,4.3,8/9/2024,8/12/2024,,
4,2,216.8,0,0,0,0.8,6.4,6.6,6.5,8/9/2024,8/12/2024,,
3,4,282.0,0,0,0,0.9,6.3,6.3,6.3,8/9/2024,8/12/2024,,
3,4,327.0,0,1,1,0.8,5.8,5.7,5.8,8/9/2024,8/12/2024,,
4,1,334.0,0,0,0,1.1,5.7,5.7,5.7,8/9/2024,8/12/2024,,
4,1,344.3,0,0,1,1.3,5.6,5.6,5.6,8/9/2024,8/12/2024,,
2,7,68.6,0,0,0,1.0,4.8,4.6,4.7,8/9/2024,8/12/2024,,
4,1,212.7,0,0,1,0.8,6.0,6.0,6.0,8/9/2024,8/12/2024,,
1,6,203.9,1,1,0,,,,,8/9/2024,8/12/2024,,
2,4,114.3,1,1,0,,,,,8/9/2024,8/12/2024,,
1,12,111.8,1,1,0,,,,,8/9/2024,8/12/2024,,
1,7,104.4,1,1,0,,,,,8/9/2024,8/12/2024,,
2,4,271.6,0,0,0,0.8,6.0,6.2,6.1,8/9/2024,8/12/2024,,
2,5,195.5,0,0,0,0.8,5.1,5.1,5.1,8/9/2024,8/12/2024,,
2,5,249.3,0,0,0,1.0,4.6,4.5,4.6,8/9/2024,8/12/2024,,
4,11,101.9,1,1,0,,,,,8/9/2024,8/12/2024,,
3,12,160.6,1,1,0,,,,,8/9/2024,8/12/2024,,
2,1,219.9,1,1,0,,,,,8/9/2024,8/12/2024,,
3,2,117.6,1,1,0,,,,,8/9/2024,8/12/2024,,
3,5,297.9,1,1,0,,,,,8/9/2024,8/12/2024,,
1,5,108.9,1,0,0,,,,,8/9/2024,8/12/2024,,
4,12,329.7,1,0,0,,,,,8/9/2024,8/12/2024,,
1,5,131.1,1,0,0,,,,,8/9/2024,8/12/2024,,
3,7,159.3,0,0,0,0.9,5.6,5.4,5.5,8/9/2024,8/14/2024,,
1,8,147.9,0,0,1,1.1,5.9,5.9,5.9,8/9/2024,8/14/2024,,
3,7,232.2,0,0,0,0.8,5.9,6.0,6.0,8/9/2024,8/14/2024,,
2,9,331.5,0,0,1,1.3,5.5,5.3,5.4,8/9/2024,8/14/2024,,
2,11,185.3,0,0,0,1.0,6.9,6.9,6.9,8/9/2024,8/14/2024,,
1,6,195.3,0,0,0,1.2,6.4,6.5,6.5,8/9/2024,8/14/2024,,
2,10,152.0,0,0,0,1.1,7.2,7.3,7.3,8/9/2024,8/14/2024,,
3,5,333.7,0,0,1,1.0,7.2,7.4,7.3,8/9/2024,8/14/2024,,
4,4,349.4,0,0,1,1.0,6.3,6.3,6.3,8/9/2024,8/14/2024,,
2,9,245.0,0,0,0,1.2,6.2,6.5,6.4,8/9/2024,8/14/2024,,
3,8,118.1,0,0,0,1.6,7.4,7.5,7.5,8/9/2024,8/14/2024,,
2,10,280.9,0,0,1,1.0,6.9,6.6,6.8,8/9/2024,8/14/2024,,
1,7,222.0,0,0,0,1.0,6.3,6.2,6.3,8/9/2024,8/14/2024,,
1,10,112.5,0,0,0,0.3,7.0,7.4,7.2,8/9/2024,8/14/2024,,
2,2,238.6,0,0,0,1.2,5.5,4.9,5.2,8/9/2024,8/14/2024,,
1,6,149.6,0,0,0,0.8,6.0,6.0,6.0,8/9/2024,8/14/2024,,
1,6,146.5,0,0,0,1.0,6.5,5.7,6.1,8/9/2024,8/14/2024,,
1,3,107.6,0,0,1,1.0,6.0,6.1,6.1,8/9/2024,8/14/2024,,
1,6,148.9,0,0,0,1.3,6.1,6.0,6.1,8/9/2024,8/14/2024,,
1,1,355.7,0,0,0,0.2,5.6,6.2,5.9,8/9/2024,8/14/2024,,
1,5,138.1,0,0,0,1.0,6.5,6.3,6.4,8/9/2024,8/14/2024,,
1,9,230.0,0,0,0,1.0,6.6,6.8,6.7,8/9/2024,8/14/2024,,
1,7,228.3,0,0,0,1.0,7.2,7.0,7.1,8/9/2024,8/14/2024,,
4,9,329.2,0,0,0,0.8,6.3,6.4,6.4,8/9/2024,8/14/2024,,
2,9,178.4,0,0,0,1.2,6.8,6.6,6.7,8/9/2024,8/14/2024,,
2,1,264.8,0,0,0,0.5,5.6,5.4,5.5,8/9/2024,8/14/2024,,
4,9,325.1,0,0,0,0.8,6.9,6.7,6.8,8/9/2024,8/14/2024,,
1,1,300.8,0,0,0,0.4,6.1,6.1,6.1,8/9/2024,8/14/2024,,
1,11,255.5,0,0,1,1.0,5.9,6.0,6.0,8/9/2024,8/14/2024,,
1,6,252.9,0,0,0,0.7,6.3,6.3,6.3,8/9/2024,8/14/2024,,
2,2,197.2,0,0,0,0.5,5.5,5.3,5.4,8/9/2024,8/14/2024,,
1,8,250.2,0,0,0,1.3,5.8,5.3,5.6,8/9/2024,8/14/2024,,
2,9,311.5,0,0,0,0.8,6.4,6.2,6.3,8/9/2024,8/14/2024,,
2,11,215.1,0,0,0,0.9,7.1,6.8,7.0,8/9/2024,8/14/2024,,
4,1,256.3,0,0,0,1.2,6.5,6.3,6.4,8/13/2024,8/14/2024,,
4,11,159.5,0,0,0,0.9,6.5,6.5,6.5,8/13/2024,8/14/2024,,
2,4,323.8,0,0,0,1.1,6.9,6.8,6.9,8/13/2024,8/14/2024,,
3,4,250.2,0,0,0,1.0,6.6,6.6,6.6,8/13/2024,8/14/2024,,
3,3,280.3,0,0,0,0.8,6.3,6.3,6.3,8/13/2024,8/14/2024,,
3,4,195.9,0,0,0,1.3,6.6,6.7,6.7,8/13/2024,8/14/2024,,
2,12,300.3,0,0,0,1.0,6.6,6.5,6.6,8/13/2024,8/14/2024,,
2,11,240.2,0,0,0,1.2,7.3,7.1,7.2,8/13/2024,8/14/2024,,
3,1,174.4,0,0,0,1.0,7.1,7.1,7.1,8/13/2024,8/14/2024,,
2,11,236.0,0,0,0,1.0,7.2,7.3,7.3,8/13/2024,8/14/2024,,
2,5,350.1,0,0,1,1.0,6.6,6.3,6.5,8/13/2024,8/14/2024,,
1,7,113.4,0,0,0,1.0,6.4,6.2,6.3,8/13/2024,8/14/2024,,
2,6,119.1,0,0,0,1.2,6.7,6.4,6.6,8/13/2024,8/14/2024,,
2,10,111.3,1,0,0,,,,,8/13/2024,8/14/2024,,
2,8,136.9,0,0,0,1.4,6.2,6.2,6.2,8/13/2024,8/14/2024,,
2,10,260.4,0,0,0,0.9,7.3,7.0,7.2,8/13/2024,8/14/2024,,
2,9,106.2,0,0,0,0.9,7.7,7.2,7.5,8/13/2024,8/14/2024,,
2,9,198.9,0,0,0,0.1,6.7,6.8,6.8,8/13/2024,8/14/2024,,
2,7,144.7,0,0,0,0.3,6.9,6.9,6.9,8/13/2024,8/14/2024,,
2,9,201.3,0,0,0,1.0,5.8,6.3,6.1,8/13/2024,8/14/2024,,
2,7,118.6,0,0,0,1.0,6.4,6.4,6.4,8/13/2024,8/14/2024,,
2,12,79.4,1,0,0,,,,,8/13/2024,8/14/2024,,
2,10,166.4,0,0,0,0.9,7.4,7.4,7.4,8/13/2024,8/14/2024,,
2,12,147.5,0,0,0,1.1,8.6,8.2,8.4,8/13/2024,8/14/2024,,
2,7,166.6,0,0,0,0.9,7.4,7.2,7.3,8/13/2024,8/14/2024,,
3,2,154.3,0,0,0,1.0,6.6,6.6,6.6,8/13/2024,8/14/2024,,
2,8,300.3,0,0,0,1.1,6.5,6.3,6.4,8/13/2024,8/14/2024,,
2,9,198.1,0,0,0,1.0,6.7,6.5,6.6,8/13/2024,8/14/2024,,
2,11,182.6,0,0,0,1.5,7.3,7.6,7.5,8/13/2024,8/14/2024,,
4,11,176.7,0,0,0,0.9,6.2,6.2,6.2,8/13/2024,8/14/2024,,
4,8,190.9,0,0,0,1.4,6.2,6.3,6.3,8/13/2024,8/14/2024,,
4,5,343.8,0,0,0,1.0,7.0,6.6,6.8,8/13/2024,8/14/2024,,
4,5,219.4,0,0,0,0.9,6.8,6.5,6.7,8/13/2024,8/14/2024,,
4,6,136.7,0,0,0,1.1,7.7,7.4,7.6,8/13/2024,8/14/2024,,
4,8,198.0,0,0,0,1.2,6.9,5.8,6.4,8/13/2024,8/14/2024,,
4,5,290.1,0,0,0,1.1,6.4,6.6,6.5,8/13/2024,8/14/2024,,
4,8,215.9,0,0,0,0.2,7.4,7.5,7.5,8/13/2024,8/14/2024,,
4,7,145.2,0,0,0,1.5,7.4,7.4,7.4,8/13/2024,8/14/2024,,
4,6,81.0,0,0,0,1.0,7.5,7.4,7.5,8/13/2024,8/14/2024,,
4,8,128.0,0,0,0,1.1,6.8,6.7,6.8,8/13/2024,8/14/2024,,
4,6,116.7,1,1,0,,,,,8/13/2024,8/14/2024,,
3,11,185.4,0,0,0,1.4,6.8,6.1,6.5,8/13/2024,8/14/2024,,
3,9,232.9,0,0,0,1.4,6.7,6.5,6.6,8/13/2024,8/14/2024,,
3,9,122.5,0,0,0,1.5,6.3,6.3,6.3,8/13/2024,8/14/2024,,
3,6,319.1,0,0,0,0.9,5.8,5.6,5.7,8/13/2024,8/14/2024,,
3,5,329.0,0,0,0,1.0,6.7,6.7,6.7,8/13/2024,8/14/2024,,
4,5,84.7,0,0,0,1.0,6.9,6.2,6.6,8/13/2024,8/14/2024,,
3,7,159.3,0,0,0,1.0,6.5,6.5,6.5,8/13/2024,8/14/2024,,
3,6,260.9,0,0,0,1.2,5.6,6.0,5.8,8/13/2024,8/14/2024,,
3,9,130.1,0,0,0,1.4,6.4,6.3,6.4,8/13/2024,8/14/2024,,
3,8,134.9,0,0,0,1.4,6.7,6.3,6.5,8/13/2024,8/14/2024,,
3,5,203.6,0,0,0,1.0,7.3,6.5,6.9,8/13/2024,8/14/2024,,
3,9,99.0,0,0,0,1.5,6.7,6.5,6.6,8/13/2024,8/14/2024,,
3,9,153.5,0,0,0,1.4,7.1,6.9,7.0,8/13/2024,8/14/2024,,
4,4,201.2,0,0,0,0.9,8.1,8.1,8.1,8/13/2024,8/14/2024,,
3,9,215.6,0,0,0,1.4,6.1,5.8,6.0,8/13/2024,8/14/2024,,
3,7,155.9,0,0,0,0.6,6.7,6.6,6.7,8/13/2024,8/14/2024,,
3,11,206.5,0,0,0,1.4,7.8,7.5,7.7,8/13/2024,8/14/2024,,
1,7,291.6,0,0,1,0.4,5.5,6.2,5.9,8/13/2024,8/19/2024,,
1,7,200.7,0,0,0,0.0,6.5,5.9,6.2,8/13/2024,8/19/2024,,
1,5,191.9,0,0,1,0.2,6.4,6.5,6.5,8/13/2024,8/19/2024,,
1,6,245.9,0,0,0,0.6,5.8,5.3,5.6,8/13/2024,8/19/2024,,
1,3,251.2,0,0,0,1.0,5.5,5.1,5.3,8/13/2024,8/19/2024,,.
1,2,239.4,0,1,1,0.6,5.7,5.1,5.4,8/13/2024,8/19/2024,,
1,5,168.5,0,1,0,0.0,5.6,5.3,5.5,8/13/2024,8/19/2024,,
1,11,197.8,0,1,1,0.2,5.9,6.3,6.1,8/13/2024,8/19/2024,,
1,6,221.8,0,0,0,0.8,6.1,6.1,6.1,8/13/2024,8/19/2024,,
1,6,165.6,0,0,0,0.6,5.4,5.5,5.5,8/13/2024,8/19/2024,,
1,5,204.3,0,1,1,0.6,6.4,6.1,6.3,8/13/2024,8/19/2024,,
1,5,135.2,0,0,0,0.7,6.3,6.3,6.3,8/13/2024,8/19/2024,,
1,5,237.8,0,0,0,1.0,6.1,6.1,6.1,8/13/2024,8/19/2024,,
1,3,243.8,0,1,1,0.9,6.8,5.5,6.2,8/13/2024,8/19/2024,,
1,1,325.7,0,0,0,0.8,5.3,5.1,5.2,8/13/2024,8/19/2024,,
1,1,258.2,0,0,0,1.1,5.9,5.6,5.8,8/13/2024,8/19/2024,,
1,1,312.7,1,0,0,0.3,6.0,6.3,6.2,8/13/2024,8/19/2024,,
1,1,193.0,0,0,0,0.2,5.8,5.4,5.6,8/13/2024,8/19/2024,,
2,1,183.5,0,0,0,0.6,5.8,5.4,5.6,8/15/2024,8/19/2024,,
3,6,200.6,0,0,0,1.0,5.0,4.9,5.0,8/15/2024,8/19/2024,,
3,6,245.3,0,0,1,0.8,4.7,4.7,4.7,8/15/2024,8/19/2024,,
2,1,170.8,0,0,0,0.3,5.3,4.6,5.0,8/15/2024,8/19/2024,,
4,2,120.6,0,0,0,1.4,6.3,5.7,6.0,8/15/2024,8/19/2024,,
4,4,222.3,0,0,0,1.6,6.8,7.1,7.0,8/15/2024,8/19/2024,,
4,2,92.6,0,0,0,1.2,4.6,4.4,4.5,8/15/2024,8/19/2024,,
2,9,139.7,0,0,0,1.2,6.6,6.6,6.6,8/15/2024,8/19/2024,,
4,5,47.9,0,0,0,1.1,6.3,6.3,6.3,8/15/2024,8/19/2024,,
4,2,124.8,1,0,0,1.7,2.5,3.5,3.0,8/15/2024,8/19/2024,,
2,1,272.1,0,0,1,0.5,4.3,4.4,4.4,8/15/2024,8/19/2024,,
2,11,137.4,0,0,0,1.1,7.1,8.2,7.7,8/15/2024,8/19/2024,,
4,8,115.6,0,0,0,0.9,5.3,5.2,5.3,8/15/2024,8/19/2024,,
3,5,163.3,0,0,0,0.1,6.7,5.8,6.3,8/15/2024,8/19/2024,,
4,9,258.6,0,0,0,1.6,5.4,5.6,5.5,8/15/2024,8/19/2024,,
2,9,139.7,0,0,0,1.4,6.7,6.7,6.7,8/15/2024,8/19/2024,,
1,12,159.6,0,1,1,0.9,7.4,6.7,7.1,8/15/2024,8/19/2024,,
4,5,65.5,0,0,0,1.0,5.7,5.5,5.6,8/15/2024,8/19/2024,,
3,4,140.7,0,0,0,1.4,6.9,6.9,6.9,8/15/2024,8/19/2024,,
2,11,73.8,0,1,1,0.5,5.6,6.2,5.9,8/15/2024,8/19/2024,,
3,11,204.3,0,0,0,1.1,6.8,6.9,6.9,8/15/2024,8/19/2024,,
4,2,45.9,0,0,0,0.9,,,,8/15/2024,8/19/2024,,
3,7,251.1,0,0,0,1.3,5.5,5.8,5.7,8/15/2024,8/19/2024,,
3,8,131.3,0,0,1,1.4,5.7,5.3,5.5,8/15/2024,8/19/2024,,
3,10,156.6,0,0,0,1.3,6.5,6.7,6.6,8/15/2024,8/19/2024,,
2,12,199.0,0,0,0,0.5,2.5,4.1,3.3,8/15/2024,8/19/2024,,
4,12,27.7,1,1,0,,,,,8/15/2024,8/19/2024,,
1,4,169.0,0,0,0,1.6,5.6,5.7,5.7,8/15/2024,8/19/2024,,
2,12,197.8,0,0,0,1.0,6.1,6.0,6.1,8/15/2024,8/19/2024,,
2,12,151.2,0,0,0,0.9,6.5,6.6,6.6,8/15/2024,8/19/2024,,
1,4,189.8,0,0,0,1.4,6.1,6.3,6.2,8/15/2024,8/19/2024,,
2,7,123.0,0,0,0,1.3,4.9,5.8,5.4,8/15/2024,8/19/2024,,
2,12,168.1,0,0,0,0.4,5.4,5.4,5.4,8/15/2024,8/19/2024,,
1,9,137.3,0,0,0,1.0,6.6,7.1,6.9,8/15/2024,8/19/2024,,
1,9,120.3,0,0,0,1.0,6.8,6.8,6.8,8/15/2024,8/19/2024,,
3,1,106.4,0,0,0,1.2,7.3,7.4,7.4,8/15/2024,8/19/2024,,
4,2,35.5,1,1,0,,,,,8/15/2024,8/19/2024,,
2,12,141.4,0,0,0,0.6,6.4,6.3,6.4,8/15/2024,8/19/2024,,
4,5,69.2,0,0,0,0.9,6.6,6.4,6.5,8/15/2024,8/19/2024,,
1,4,108.3,0,0,1,0.9,3.9,4.1,4.0,8/15/2024,8/19/2024,,
2,4,117.6,0,0,0,0.9,6.1,5.9,6.0,8/15/2024,8/19/2024,,
1,3,121.5,0,0,1,0.9,5.2,3.7,4.5,8/15/2024,8/19/2024,,
4,11,94.5,0,0,0,1.1,5.6,5.9,5.8,8/15/2024,8/19/2024,,
4,8,99.3,0,0,0,0.6,6.3,6.2,6.3,8/15/2024,8/19/2024,,
1,4,137.4,0,0,0,0.9,6.1,5.8,6.0,8/15/2024,8/19/2024,,
2,1,256.2,0,0,0,1.1,6.5,6.6,6.6,8/15/2024,8/19/2024,,
1,2,163.8,0,1,1,1.3,6.5,6.4,6.5,8/15/2024,8/19/2024,,
3,7,173.8,0,0,0,0.8,6.5,6.3,6.4,8/20/2024,8/21/2024,,
3,7,167.3,0,0,0,1.3,5.5,5.3,5.4,8/20/2024,8/21/2024,,
2,4,88.5,1,0,0,0.2,8.1,7.8,8.0,8/20/2024,8/21/2024,,
3,3,184.4,0,0,0,1.1,7.0,7.0,7.0,8/20/2024,8/21/2024,,
2,4,94.9,0,1,1,0.5,6.4,5.4,5.9,8/20/2024,8/21/2024,,
3,6,108.2,0,0,0,0.8,5.1,4.9,5.0,8/20/2024,8/21/2024,,
3,4,262.1,0,0,0,1.5,6.5,6.5,6.5,8/20/2024,8/21/2024,,
2,4,163.8,0,0,0,0.9,6.6,6.3,6.5,8/20/2024,8/21/2024,,
3,7,101.4,0,0,0,0.6,5.5,5.9,5.7,8/20/2024,8/21/2024,,
1,11,168.1,0,0,0,1.0,5.5,6.0,5.8,8/20/2024,8/21/2024,,
3,1,120.3,0,0,0,1.4,5.4,5.6,5.5,8/20/2024,8/21/2024,,
2,5,229.0,0,0,1,1.2,7.0,7.0,7.0,8/20/2024,8/21/2024,,
2,7,81.8,0,0,0,1.0,6.0,5.3,5.7,8/20/2024,8/21/2024,,
2,5,130.0,0,1,1,1.0,6.5,5.9,6.2,8/20/2024,8/21/2024,,
2,4,81.9,0,0,1,0.5,6.7,6.4,6.6,8/20/2024,8/21/2024,,
2,3,115.7,0,1,1,1.5,3.9,3.7,3.8,8/20/2024,8/21/2024,,
2,5,98.3,0,1,1,1.3,6.4,5.9,6.2,8/20/2024,8/21/2024,,
1,12,55.5,0,0,0,1.0,6.4,6.1,6.3,8/20/2024,8/21/2024,,
2,4,104.9,0,0,0,0.5,5.9,5.6,5.8,8/20/2024,8/21/2024,,
2,4,113.2,0,0,0,0.9,6.5,6.1,6.3,8/20/2024,8/21/2024,,
1,6,91.8,0,0,0,0.3,5.6,5.2,5.4,8/20/2024,8/21/2024,,
3,2,86.0,0,0,1,1.4,6.7,6.7,6.7,8/20/2024,8/21/2024,,
3,7,76.0,0,0,0,0.4,6.4,6.6,6.5,8/20/2024,8/21/2024,,
1,12,75.1,0,1,1,0.9,6.6,6.4,6.5,8/20/2024,8/21/2024,,
3,2,73.0,0,0,0,1.5,6.8,7.0,6.9,8/20/2024,8/21/2024,,
2,5,250.9,0,0,1,1.3,6.8,6.6,6.7,8/20/2024,8/21/2024,,
1,5,84.9,1,0,0,1.3,3.4,4.2,3.8,8/20/2024,8/21/2024,,
2,12,182.0,0,0,0,0.2,6.9,6.5,6.7,8/20/2024,8/21/2024,,
3,2,107.5,0,0,0,1.2,6.9,6.9,6.9,8/20/2024,8/21/2024,,
1,5,101.6,0,0,0,1.5,6.3,6.4,6.4,8/20/2024,8/21/2024,,
3,2,66.8,0,0,0,1.5,6.6,6.5,6.6,8/20/2024,8/21/2024,,
2,11,32.6,1,0,0,,,,,8/20/2024,8/21/2024,,
1,6,113.4,0,0,1,1.0,6.1,6.7,6.4,8/20/2024,8/21/2024,,
3,1,95.8,0,0,0,1.6,5.4,5.8,5.6,8/20/2024,8/21/2024,,
2,6,233.5,0,1,0,1.4,7.1,7.1,7.1,8/20/2024,8/21/2024,,
2,6,30.8,0,0,0,1.5,,,,8/20/2024,8/21/2024,,
2,7,100.3,0,0,0,1.0,7.1,6.8,7.0,8/20/2024,8/21/2024,,
1,11,103.3,0,1,1,0.5,5.0,4.8,4.9,8/20/2024,8/21/2024,,
3,1,137.1,0,0,1,1.4,6.0,5.8,5.9,8/20/2024,8/21/2024,,
2,8,152.2,0,0,1,1.4,6.4,6.3,6.4,8/20/2024,8/21/2024,,
1,5,81.5,0,0,0,2.1,4.1,3.8,4.0,8/20/2024,8/21/2024,,
2,6,128.9,0,0,0,1.2,7.0,7.0,7.0,8/20/2024,8/21/2024,,
1,5,115.5,0,0,0,1.6,5.4,5.5,5.5,8/20/2024,8/21/2024,,
3,3,64.6,0,0,0,1.1,7.1,7.0,7.1,8/20/2024,8/21/2024,,
2,11,117.8,0,0,0,1.4,7.8,8.0,7.9,8/20/2024,8/21/2024,,
2,10,145.1,0,0,1,1.3,7.4,7.3,7.4,8/20/2024,8/21/2024,,
1,9,111.3,1,0,1,1.6,5.2,5.2,5.2,8/20/2024,8/21/2024,,
2,11,140.7,0,0,0,1.5,7.4,7.5,7.5,8/20/2024,8/21/2024,,
1,5,109.2,0,1,1,1.9,4.9,4.8,4.9,8/20/2024,8/21/2024,,
2,11,117.6,0,0,0,1.1,7.6,7.5,7.6,8/20/2024,8/21/2024,,
1,5,118.9,0,0,0,2.5,4.3,4.4,4.4,8/20/2024,8/21/2024,,
2,8,121.3,0,0,1,1.3,6.5,6.5,6.5,8/20/2024,8/21/2024,,
2,5,102.3,0,0,0,1.1,6.9,6.8,6.9,8/20/2024,8/21/2024,,
1,7,107.2,0,1,1,1.5,4.3,4.4,4.4,8/20/2024,8/21/2024,,
1,2,200.9,0,1,1,1.2,4.9,5.6,5.3,8/20/2024,8/21/2024,,
2,6,71.6,0,0,0,1.3,7.2,7.1,7.2,8/20/2024,8/21/2024,,
2,6,54.0,0,0,0,1.7,6.9,6.8,6.9,8/20/2024,8/21/2024,,
1,5,107.2,1,0,0,1.6,4.1,3.6,3.9,8/20/2024,8/21/2024,,
2,6,71.4,0,0,0,1.6,6.9,6.9,6.9,8/20/2024,8/21/2024,,
1,3,132.4,0,0,1,1.2,4.1,4.7,4.4,8/20/2024,8/21/2024,,
2,7,59.4,0,0,0,1.1,7.2,7.1,7.2,8/20/2024,8/21/2024,,
2,10,73.7,0,0,0,1.0,7.6,6.9,7.3,8/20/2024,8/21/2024,,
1,3,78.6,0,0,0,1.2,4.3,4.2,4.3,8/20/2024,8/21/2024,,
1,2,212.1,0,1,1,1.0,4.8,4.6,4.7,8/20/2024,8/21/2024,,
2,2,183.5,0,0,0,0.5,5.6,5.5,5.6,8/20/2024,8/21/2024,,
4,9,245.7,0,0,1,1.0,6.9,6.5,6.7,8/20/2024,8/21/2024,,
1,7,69.1,0,1,1,1.0,6.4,5.9,6.2,8/20/2024,8/21/2024,,
4,9,163.5,0,0,0,1.5,7.1,7.1,7.1,8/20/2024,8/21/2024,,
4,9,211.4,0,0,1,1.0,6.7,6.8,6.8,8/20/2024,8/21/2024,,
1,4,83.1,0,0,0,1.4,6.1,5.5,5.8,8/20/2024,8/21/2024,,
4,11,132.6,0,0,0,1.1,6.5,6.5,6.5,8/20/2024,8/21/2024,,
1,2,75.3,0,0,1,2.0,4.6,4.6,4.6,8/20/2024,8/21/2024,,
4,10,114.2,0,0,0,1.5,6.7,6.6,6.7,8/20/2024,8/21/2024,,
4,12,88.7,0,0,0,1.4,8.2,7.9,8.1,8/20/2024,8/21/2024,,
2,4,78.6,1,1,0,,,,,8/20/2024,8/21/2024,,
2,2,100.3,0,0,0,0.5,6.6,5.2,5.9,8/20/2024,8/21/2024,,
2,6,35.0,1,1,0,,,,,8/20/2024,8/21/2024,,
4,10,151.3,0,0,0,1.5,6.1,6.2,6.2,8/20/2024,8/21/2024,,
4,10,130.2,0,0,1,2.0,6.2,6.2,6.2,8/20/2024,8/21/2024,,
1,4,131.3,0,1,1,1.4,5.2,4.6,4.9,8/20/2024,8/21/2024,,
4,11,75.5,0,0,1,1.5,7.0,7.0,7.0,8/20/2024,8/21/2024,,
4,7,50.8,0,0,0,1.3,3.7,3.1,3.4,8/20/2024,8/21/2024,,
4,7,30.9,0,0,0,1.1,6.9,6.9,6.9,8/20/2024,8/21/2024,,
4,2,41.7,0,0,0,0.2,6.9,6.8,6.9,8/20/2024,8/23/2024,,
4,7,125.9,0,0,0,1.3,7.4,8.1,7.8,8/20/2024,8/23/2024,,
1,6,95.4,0,0,0,1.4,6.2,6.9,6.6,8/20/2024,8/23/2024,,
4,7,83.5,0,0,0,1.6,7.5,8.4,8.0,8/20/2024,8/23/2024,,
4,6,152.6,0,0,0,1.5,7.3,7.9,7.6,8/20/2024,8/23/2024,,
4,7,121.1,0,0,0,1.2,7.3,8.4,7.9,8/20/2024,8/23/2024,,
4,7,122.2,0,0,0,1.1,7.5,8.5,8.0,8/20/2024,8/23/2024,,
4,6,124.4,0,0,0,1.3,7.4,8.3,7.9,8/20/2024,8/23/2024,,
3,11,29.1,1,1,0,,,,,8/20/2024,8/23/2024,,
4,4,40.7,1,1,0,,,,,8/20/2024,8/23/2024,,
4,1,135.1,0,1,1,1.1,7.0,7.6,7.3,8/20/2024,8/23/2024,,
4,3,107.7,0,0,0,1.2,6.7,7.4,7.1,8/20/2024,8/23/2024,,
4,1,137.0,0,0,1,1.0,6.4,7.2,6.8,8/20/2024,8/23/2024,,
4,6,98.5,0,0,0,1.2,7.0,8.0,7.5,8/20/2024,8/23/2024,,
4,9,67.4,0,0,0,1.4,7.9,8.6,8.3,8/20/2024,8/23/2024,,
4,4,151.1,0,0,1,1.0,7.4,8.3,7.9,8/20/2024,8/23/2024,,
4,7,71.4,0,0,0,1.4,7.4,9.8,8.6,8/20/2024,8/23/2024,,
4,4,147.6,0,0,0,0.9,7.7,8.6,8.2,8/20/2024,8/23/2024,,
3,12,249.8,0,0,0,0.5,8.8,9.4,9.1,8/20/2024,8/23/2024,,
3,8,218.5,0,0,1,1.1,6.6,7.3,7.0,8/20/2024,8/23/2024,,
3,10,159.6,0,0,0,1.3,7.6,8.5,8.1,8/20/2024,8/23/2024,,
3,11,128.1,0,0,0,1.0,8.7,9.9,9.3,8/20/2024,8/23/2024,,
4,8,95.0,0,0,0,1.0,7.2,8.1,7.7,8/20/2024,8/23/2024,,
4,1,111.8,0,0,0,1.0,6.6,7.3,7.0,8/20/2024,8/23/2024,,
3,8,126.2,0,0,0,0.6,6.1,6.5,6.3,8/20/2024,8/23/2024,,
4,7,55.1,0,0,0,1.0,7.6,8.5,8.1,8/20/2024,8/23/2024,,
3,9,80.2,0,0,0,1.3,6.6,6.9,6.8,8/20/2024,8/23/2024,,
4,6,69.2,0,0,0,1.1,6.7,7.3,7.0,8/20/2024,8/23/2024,,
4,3,79.2,0,0,0,0.9,6.8,7.5,7.2,8/20/2024,8/23/2024,,
4,4,71.7,0,0,0,0.8,7.5,8.5,8.0,8/20/2024,8/23/2024,,
3,10,86.6,0,0,0,1.1,6.7,7.4,7.1,8/20/2024,8/23/2024,,
3,10,68.6,0,0,0,1.0,8.1,8.6,8.4,8/20/2024,8/23/2024,,
3,9,108.6,0,0,0,1.4,6.9,7.7,7.3,8/20/2024,8/23/2024,,
3,10,95.2,0,0,0,1.7,7.1,7.8,7.5,8/20/2024,8/23/2024,,
3,10,73.2,0,0,0,1.5,7.1,7.9,7.5,8/20/2024,8/23/2024,,
4,7,91.1,0,0,0,1.0,7.2,8.0,7.6,8/20/2024,8/23/2024,,
3,8,90.5,0,0,0,1.0,6.3,6.7,6.5,8/20/2024,8/23/2024,,
4,3,69.9,0,0,0,1.0,7.0,7.6,7.3,8/20/2024,8/23/2024,,
3,10,55.0,0,0,0,1.4,7.6,8.4,8.0,8/20/2024,8/23/2024,,
4,3,66.9,0,0,0,1.2,6.5,7.4,7.0,8/20/2024,8/23/2024,,
1,7,49.9,0,0,0,1.5,8.0,8.8,8.4,8/20/2024,8/23/2024,,
4,7,65.6,0,0,0,1.0,8.2,8.3,8.3,8/24/2024,8/26/2024,,
2,10,143.4,0,0,0,1.3,8.6,8.3,8.5,8/24/2024,8/26/2024,,
4,2,82.0,0,0,0,0.0,1.1,6.9,4.0,8/24/2024,8/26/2024,,
4,7,67.1,0,0,0,1.5,7.2,7.0,7.1,8/24/2024,8/26/2024,,
4,7,63.0,0,0,0,1.1,6.3,6.6,6.5,8/24/2024,8/26/2024,,
4,6,127.7,0,0,0,1.6,6.5,6.2,6.4,8/24/2024,8/26/2024,,
4,7,46.5,0,0,0,1.1,7.2,7.3,7.3,8/24/2024,8/26/2024,,
2,7,191.1,0,0,1,1.3,7.4,7.4,7.4,8/24/2024,8/26/2024,,
4,2,79.8,0,0,0,1.0,4.3,3.9,4.1,8/24/2024,8/26/2024,,
4,9,93.9,0,0,0,0.8,7.7,7.7,7.7,8/24/2024,8/26/2024,,
2,10,139.2,0,1,1,0.5,6.7,7.5,7.1,8/24/2024,8/26/2024,,
3,10,50.2,0,0,0,0.9,8.0,6.5,7.3,8/24/2024,8/26/2024,,
4,4,168.7,0,0,1,1.4,8.1,7.9,8.0,8/24/2024,8/26/2024,,
4,1,58.6,0,1,1,1.2,5.4,4.5,5.0,8/24/2024,8/26/2024,,
3,8,41.6,0,0,0,1.4,6.8,6.7,6.8,8/24/2024,8/26/2024,,
3,9,99.1,0,1,1,0.9,5.5,5.8,5.7,8/24/2024,8/26/2024,,
4,3,73.1,0,0,0,1.3,6.3,4.7,5.5,8/24/2024,8/26/2024,,
4,4,100.1,0,1,1,0.5,7.0,7.0,7.0,8/24/2024,8/26/2024,,
3,12,115.5,0,0,0,1.5,9.2,8.8,9.0,8/24/2024,8/26/2024,,
3,10,45.0,0,0,0,1.2,5.4,4.9,5.2,8/24/2024,8/26/2024,,
4,2,105.9,0,0,1,1.4,6.5,5.7,6.1,8/24/2024,8/26/2024,,
4,6,75.3,0,0,0,1.1,3.3,5.0,4.2,8/24/2024,8/26/2024,,
4,3,75.0,0,0,0,1.5,6.9,6.5,6.7,8/24/2024,8/26/2024,,
2,5,52.8,1,1,0,0.0,6.9,6.2,6.6,8/24/2024,8/26/2024,,
4,7,64.0,0,0,0,1.4,7.5,7.1,7.3,8/24/2024,8/26/2024,,
4,7,83.8,0,0,0,1.8,5.1,5.0,5.1,8/24/2024,8/26/2024,,
2,11,108.0,0,0,0,2.5,8.3,8.4,8.4,8/24/2024,8/26/2024,,
1,6,61.0,0,0,0,0.9,4.4,4.6,4.5,8/24/2024,8/26/2024,,
4,7,68.3,0,0,0,1.1,7.9,7.5,7.7,8/24/2024,8/26/2024,,
2,3,202.5,0,0,1,1.5,6.5,5.9,6.2,8/24/2024,8/26/2024,,
1,12,91.2,0,0,0,0.9,6.7,5.2,6.0,8/24/2024,8/26/2024,,
1,10,101.2,0,0,0,2.1,4.6,6.0,5.3,8/24/2024,8/26/2024,,
1,12,92.6,0,0,1,0.9,5.8,5.7,5.8,8/24/2024,8/26/2024,,
2,8,80.5,0,0,1,1.5,5.7,5.4,5.6,8/24/2024,8/26/2024,,
1,10,163.5,0,0,1,1.0,5.8,5.7,5.8,8/24/2024,8/26/2024,,
2,5,114.1,0,0,1,1.7,6.9,6.9,6.9,8/24/2024,8/26/2024,,
2,7,72.4,0,1,1,0.5,5.1,5.4,5.3,8/24/2024,8/26/2024,,
1,5,135.2,0,0,0,2.3,6.6,6.5,6.6,8/24/2024,8/26/2024,,
2,10,63.0,0,0,0,0.9,6.0,5.6,5.8,8/24/2024,8/26/2024,,
1,6,148.1,0,0,0,1.6,6.9,6.8,6.9,8/24/2024,8/26/2024,,
1,6,76.1,0,0,0,0.9,6.5,5.7,6.1,8/24/2024,8/26/2024,,
2,3,141.0,0,1,1,1.3,6.2,5.5,5.9,8/24/2024,8/26/2024,,
1,12,83.1,0,0,0,0.3,6.4,5.4,5.9,8/24/2024,8/26/2024,,
1,8,105.6,0,0,1,1.7,8.5,8.1,8.3,8/24/2024,8/26/2024,,
1,6,118.8,0,0,0,0.5,6.1,5.5,5.8,8/24/2024,8/26/2024,,
1,10,59.6,0,0,0,1.1,4.3,4.5,4.4,8/24/2024,8/26/2024,,
1,12,86.7,0,1,1,1.5,4.9,4.8,4.9,8/24/2024,8/26/2024,,
1,5,87.5,0,1,0,0.9,5.2,5.5,5.4,8/24/2024,8/26/2024,,
1,3,93.9,0,1,1,1.1,6.7,5.9,6.3,8/24/2024,8/26/2024,,
1,8,185.1,0,1,1,0.5,6.3,5.7,6.0,8/24/2024,8/26/2024,,
1,8,110.7,0,0,0,1.1,7.0,6.2,6.6,8/24/2024,8/26/2024,,
2,8,43.1,0,0,0,1.1,5.1,4.8,5.0,8/24/2024,8/26/2024,,
2,1,189.9,0,0,1,1.2,7.7,7.7,7.7,8/24/2024,8/26/2024,,
2,1,93.0,0,0,0,1.0,5.8,5.5,5.7,8/24/2024,8/26/2024,,
2,11,28.0,1,1,0,,,,,8/24/2024,8/26/2024,,
1,2,166.6,0,0,0,1.5,7.2,7.0,7.1,8/24/2024,8/26/2024,,
1,10,37.9,1,1,0,,,,,8/24/2024,8/26/2024,,
1,8,79.5,0,0,0,1.5,6.6,6.8,6.7,8/24/2024,8/26/2024,,
1,7,53.4,0,0,0,1.4,7.3,7.0,7.2,8/24/2024,8/26/2024,,
1,2,150.4,0,0,1,0.8,8.1,8.3,8.2,8/24/2024,8/26/2024,,
1,4,151.0,0,0,0,1.3,4.4,4.9,4.7,8/24/2024,8/26/2024,,
1,1,94.5,0,0,0,0.9,5.3,5.4,5.4,8/24/2024,8/26/2024,,
1,5,62.2,0,0,0,0.3,5.3,5.4,5.4,8/24/2024,8/26/2024,,
4,9,187.4,0,1,1,1.1,7.6,7.8,7.7,8/28/2024,8/28/2024,,
4,10,69.2,0,1,1,1.4,6.3,6.9,6.6,8/28/2024,8/28/2024,,
4,3,144.0,0,1,1,1.2,4.8,5.0,4.9,8/28/2024,8/28/2024,,
4,6,68.6,0,0,0,1.2,,,,8/28/2024,8/28/2024,,
3,12,155.1,0,0,0,2.9,6.8,6.9,6.9,8/28/2024,8/28/2024,,
3,10,153.4,0,1,0,2.1,6.1,5.3,5.7,8/28/2024,8/28/2024,,
3,11,161.4,0,1,0,1.6,6.4,6.5,6.5,8/28/2024,8/28/2024,,
4,3,151.4,0,1,1,1.4,8.4,7.4,7.9,8/28/2024,8/28/2024,,
4,9,88.4,0,0,1,0.9,6.7,6.0,6.4,8/28/2024,8/28/2024,,
3,10,122.6,0,0,0,0.9,5.4,4.9,5.2,8/28/2024,8/28/2024,,
4,10,72.1,0,0,1,1.5,6.5,6.5,6.5,8/28/2024,8/28/2024,,
4,11,100.6,0,0,0,0.9,6.4,6.1,6.3,8/28/2024,8/28/2024,,
1,12,69.8,0,1,1,1.0,4.2,5.2,4.7,8/28/2024,8/28/2024,,
4,2,158.3,0,0,0,1.7,5.7,5.5,5.6,8/28/2024,8/28/2024,,
4,11,33.1,1,1,0,,,,,8/28/2024,8/28/2024,,
4,2,81.5,0,0,0,1.4,7.6,7.4,7.5,8/28/2024,8/28/2024,,
4,10,142.3,0,1,1,1.2,6.2,6.4,6.3,8/28/2024,8/28/2024,,
3,6,172.1,0,0,1,1.6,5.7,5.5,5.6,8/28/2024,8/28/2024,,
4,10,113.2,0,0,0,1.5,6.4,5.4,5.9,8/28/2024,8/28/2024,,
2,5,196.1,0,0,1,1.5,7.4,7.4,7.4,8/28/2024,8/28/2024,,
2,6,73.3,0,1,0,1.4,5.6,4.5,5.1,8/28/2024,8/28/2024,,
3,11,192.0,0,0,0,1.8,7.2,7.0,7.1,8/28/2024,8/28/2024,,
3,7,123.9,0,0,1,1.2,7.8,7.6,7.7,8/28/2024,8/28/2024,,
2,6,109.6,0,0,0,1.0,7.2,7.2,7.2,8/28/2024,8/28/2024,,
2,3,124.6,0,1,1,1.4,6.7,6.3,6.5,8/28/2024,8/28/2024,,
2,8,129.9,0,0,1,1.0,5.1,4.6,4.9,8/28/2024,8/28/2024,,
1,11,183.7,0,1,0,1.1,6.0,5.6,5.8,8/28/2024,8/28/2024,,
3,6,127.0,0,0,0,0.4,7.1,7.2,7.2,8/28/2024,8/28/2024,,
2,8,152.2,0,0,1,1.8,5.2,5.1,5.2,8/28/2024,8/28/2024,,
1,12,73.6,0,0,0,1.6,3.9,3.3,3.6,8/28/2024,8/28/2024,,
2,7,101.2,0,0,0,1.4,6.9,7.1,7.0,8/28/2024,8/28/2024,,
2,3,137.1,0,1,1,1.4,4.8,5.7,5.3,8/28/2024,8/28/2024,,
2,12,117.4,1,0,1,1.1,8.6,8.4,8.5,8/28/2024,8/28/2024,,
2,10,47.8,0,0,0,1.1,9.5,9.4,9.5,8/28/2024,8/28/2024,,
2,6,42.8,1,1,0,0.0,8.8,8.1,8.5,8/28/2024,8/28/2024,,
2,12,126.3,0,0,0,1.5,7.9,6.9,7.4,8/28/2024,8/28/2024,,
1,10,79.4,0,0,0,0.9,6.9,6.2,6.6,8/28/2024,8/28/2024,,
3,2,100.1,0,0,0,1.4,6.4,5.9,6.2,8/28/2024,8/28/2024,,
1,9,96.8,0,1,0,1.3,9.1,7.9,8.5,8/28/2024,8/28/2024,,
2,12,119.1,0,0,0,1.5,6.0,6.5,6.3,8/28/2024,8/28/2024,,
2,5,160.2,0,1,1,0.5,6.8,6.4,6.6,8/28/2024,8/28/2024,,
1,10,93.8,0,0,0,2.0,5.9,6.3,6.1,8/28/2024,8/28/2024,,
1,8,98.5,0,1,1,1.3,5.9,6.6,6.3,8/28/2024,8/28/2024,,
1,10,110.2,0,0,0,1.3,4.6,5.6,5.1,8/28/2024,8/28/2024,,
1,8,189.0,0,1,1,1.4,5.4,4.5,5.0,8/28/2024,8/28/2024,,
1,8,100.0,0,1,1,1.3,6.1,5.7,5.9,8/28/2024,8/28/2024,,
1,12,71.1,0,1,0,1.3,6.9,7.6,7.3,8/28/2024,8/28/2024,,
1,9,120.4,0,1,0,2.8,7.9,7.0,7.5,8/28/2024,8/28/2024,,
1,6,114.1,0,0,0,1.4,6.1,5.7,5.9,8/28/2024,8/28/2024,,
1,12,63.5,0,0,0,1.9,5.1,5.8,5.5,8/28/2024,8/28/2024,,
1,9,103.7,0,0,0,1.1,8.4,8.5,8.5,8/28/2024,8/28/2024,,
2,10,131.4,0,0,0,1.9,7.6,7.9,7.8,8/28/2024,8/28/2024,,
2,5,107.5,0,0,0,1.0,7.8,7.8,7.8,8/28/2024,8/28/2024,,
4,6,38.6,0,0,0,1.7,8.1,7.8,8.0,8/28/2024,8/28/2024,,
1,5,106.9,0,1,0,2.1,5.3,6.0,5.7,8/28/2024,8/28/2024,,
3,10,69.6,0,0,0,1.5,9.1,9.1,9.1,8/28/2024,8/28/2024,,
2,7,55.0,0,0,0,1.3,7.5,7.3,7.4,8/28/2024,8/28/2024,,
1,7,101.7,0,1,1,2.0,7.2,6.6,6.9,8/28/2024,8/28/2024,,
1,7,201.0,0,0,1,1.5,7.0,7.0,7.0,8/28/2024,8/28/2024,,
1,1,128.3,0,1,0,1.0,6.8,7.8,7.3,8/28/2024,8/28/2024,,
1,9,104.2,1,0,0,2.7,7.6,8.0,7.8,8/28/2024,8/28/2024,,
2,1,120.6,0,0,0,1.2,7.6,7.6,7.6,8/28/2024,8/28/2024,,
1,6,90.7,0,0,0,1.4,7.7,7.8,7.8,8/28/2024,8/28/2024,,
2,5,34.3,1,1,0,,,,,8/28/2024,8/28/2024,,
1,6,127.6,0,0,0,1.0,7.5,7.2,7.4,8/28/2024,8/28/2024,,
2,2,217.6,0,0,0,1.2,7.4,7.5,7.5,8/28/2024,8/28/2024,,
1,5,111.9,1,0,1,,,,,8/28/2024,8/28/2024,,
2,2,184.0,0,0,0,2.0,7.7,7.8,7.8,8/28/2024,8/28/2024,,
1,4,64.6,0,0,0,1.0,7.5,7.4,7.5,8/28/2024,8/28/2024,,
1,2,86.7,0,0,0,1.3,7.0,7.5,7.3,8/28/2024,8/28/2024,,
2,7,68.2,0,0,0,1.0,6.9,6.9,6.9,9/4/2024,9/4/2024,,
1,1,50.8,0,0,0,1.3,6.2,6.0,6.1,9/4/2024,9/4/2024,,
2,7,79.5,0,0,0,1.0,6.9,6.7,6.8,9/4/2024,9/4/2024,,
2,6,89.3,0,0,1,0.6,5.5,5.8,5.7,9/4/2024,9/4/2024,,
1,6,38.1,0,0,0,1.4,5.5,5.5,5.5,9/4/2024,9/4/2024,,
2,8,147.3,0,0,1,0.4,5.9,5.9,5.9,9/4/2024,9/4/2024,,
4,9,141.3,0,0,0,1.2,6.5,5.9,6.2,9/4/2024,9/4/2024,,
2,7,74.6,0,0,0,1.6,7.8,7.8,7.8,9/4/2024,9/4/2024,,
4,2,52.8,0,0,0,0.4,6.9,6.8,6.9,9/4/2024,9/4/2024,,
4,11,100.0,1,1,0,,,,,9/4/2024,9/4/2024,,
3,4,38.3,1,1,0,,,,,9/4/2024,9/4/2024,,
2,9,45.3,1,1,0,,,,,9/4/2024,9/4/2024,,
3,12,39.3,1,1,0,,,,,9/4/2024,9/4/2024,,
3,12,34.3,1,1,0,,,,,9/4/2024,9/4/2024,,
3,12,32.2,1,1,0,,,,,9/4/2024,9/4/2024,,
2,3,113.1,0,1,1,1.0,7.4,7.4,7.4,9/4/2024,9/4/2024,,
4,2,67.9,0,0,0,1.5,9.0,9.1,9.1,9/4/2024,9/4/2024,,
4,2,48.1,0,0,0,1.8,9.5,9.7,9.6,9/4/2024,9/4/2024,,
4,3,103.0,0,0,1,0.8,8.0,7.6,7.8,9/4/2024,9/4/2024,,
3,4,52.3,1,1,0,,,,,9/4/2024,9/4/2024,,
1,12,85.2,0,1,1,1.6,9.5,9.4,9.5,9/4/2024,9/4/2024,,
4,8,55.1,0,0,1,1.4,9.8,9.6,9.7,9/4/2024,9/4/2024,,
1,12,104.3,0,0,0,2.4,9.1,9.1,9.1,9/4/2024,9/4/2024,,
1,12,72.6,0,0,1,2.1,8.8,8.8,8.8,9/4/2024,9/4/2024,,
2,6,102.0,0,1,0,2.1,5.6,5.4,5.5,9/4/2024,9/4/2024,,
4,3,84.5,0,0,0,1.3,7.5,7.4,7.5,9/4/2024,9/4/2024,,
2,12,184.4,0,1,1,1.6,8.0,7.5,7.8,9/4/2024,9/4/2024,,
2,7,103.7,0,0,0,1.4,8.3,7.8,8.1,9/4/2024,9/4/2024,,
3,2,63.0,0,0,0,1.4,7.4,7.8,7.6,9/4/2024,9/4/2024,,
2,1,115.7,0,1,1,2.5,6.5,4.9,5.7,9/4/2024,9/4/2024,,
3,5,99.0,0,0,1,0.9,8.6,8.3,8.5,9/4/2024,9/4/2024,,
3,4,65.9,1,1,0,3.2,3.4,3.6,3.5,9/4/2024,9/4/2024,,
2,6,87.6,0,0,1,1.6,7.6,7.7,7.7,9/4/2024,9/4/2024,,
2,2,118.7,0,0,0,1.1,7.7,6.8,7.3,9/4/2024,9/4/2024,,
1,10,28.8,0,0,0,1.3,8.9,8.5,8.7,9/4/2024,9/4/2024,,
2,1,92.6,0,0,0,1.5,6.8,4.8,5.8,9/4/2024,9/4/2024,,
2,6,95.0,0,1,1,0.8,7.2,6.9,7.1,9/4/2024,9/4/2024,,
1,12,50.3,0,0,0,1.4,5.3,6.0,5.7,9/4/2024,9/4/2024,,
2,5,117.3,0,0,1,1.2,6.9,7.3,7.1,9/4/2024,9/4/2024,,
1,6,110.3,0,1,0,1.7,5.8,5.4,5.6,9/4/2024,9/4/2024,,
3,2,65.3,0,0,0,1.6,7.0,6.9,7.0,9/4/2024,9/4/2024,,
3,1,37.1,0,1,1,1.4,1.9,1.8,1.9,9/4/2024,9/4/2024,,
3,12,24.6,1,1,0,1.7,2.3,2.0,2.2,9/4/2024,9/4/2024,,
1,12,47.8,0,0,1,1.6,4.2,4.3,4.3,9/4/2024,9/4/2024,,
2,5,73.5,0,0,0,2.0,7.0,6.2,6.6,9/4/2024,9/4/2024,,
1,2,170.4,0,1,1,1.0,7.4,6.7,7.1,9/4/2024,9/4/2024,,
1,5,115.7,0,0,1,2.1,7.1,7.0,7.1,9/4/2024,9/4/2024,,
1,4,71.1,0,1,1,1.8,5.2,4.1,4.7,9/4/2024,9/4/2024,,
1,10,68.8,0,0,0,1.7,, ,,9/4/2024,9/4/2024,,
1,2,117.1,0,0,0,0.6,8.8,9.5,9.2,9/11/2024,9/11/2024,,
4,5,57.0,0,0,0,1.4,7.1,7.2,7.2,9/11/2024,9/11/2024,,
3,11,88.0,0,0,0,2.1,10.6,10.4,10.5,9/11/2024,9/11/2024,,
1,2,25.0,1,0,0,,,,,9/11/2024,9/11/2024,,
3,8,40.8,1,0,0,,,,,9/11/2024,9/11/2024,,
1,1,47.2,1,0,0,,,,,9/11/2024,9/11/2024,,
3,10,24.5,1,0,0,,,,,9/11/2024,9/11/2024,,
4,9,104.2,0,0,0,1.9,9.3,8.6,9.0,9/11/2024,9/11/2024,,
4,7,43.8,0,0,0,1.9,8.6,8.6,8.6,9/11/2024,9/11/2024,,
1,6,92.6,0,0,0,1.7,8.4,8.4,8.4,9/11/2024,9/11/2024,,
3,2,66.0,0,0,0,2.0,10.1,10.3,10.2,9/11/2024,9/11/2024,,
4,4,85.3,0,0,1,1.1,8.1,8.2,8.2,9/11/2024,9/11/2024,,
4,9,86.0,0,0,0,2.2,9.3,9.5,9.4,9/11/2024,9/11/2024,,
3,7,29.8,1,0,0,,,,,9/11/2024,9/11/2024,,
4,2,27.5,1,0,0,,,,,9/11/2024,9/11/2024,,
3,2,78.4,1,1,0,1.0,8.0,8.0,8.0,9/11/2024,9/11/2024,,
2,12,37.6,1,1,0,,,,,9/11/2024,9/11/2024,,
4,11,93.1,0,0,0,3.4,9.2,9.1,9.2,9/11/2024,9/11/2024,,
3,7,110.0,0,0,0,,8.0,8.2,8.1,9/11/2024,9/11/2024,,
3,11,35.7,1,1,0,,,,,9/11/2024,9/11/2024,,
3,12,28.0,1,0,0,,,,,9/11/2024,9/11/2024,,
2,4,110.2,1,0,0,1.2,8.8,8.8,8.8,9/11/2024,9/11/2024,,
3,3,31.1,1,0,0,,,,,9/11/2024,9/11/2024,,
1,2,224.3,0,0,0,2.1,8.4,8.7,8.6,9/11/2024,9/11/2024,,
1,7,39.7,0,0,0,1.5,9.1,9.1,9.1,9/11/2024,9/11/2024,,
2,6,30.3,1,1,0,,,,,9/11/2024,9/11/2024,,
3,9,34.2,1,1,0,,,,,9/11/2024,9/11/2024,,
1,5,55.1,1,0,0,,,,,9/11/2024,9/11/2024,,
3,12,23.4,1,0,0,,,,,9/11/2024,9/11/2024,,
3,4,28.3,1,0,0,,,,,9/11/2024,9/11/2024,,
4,12,17.9,1,1,0,,,,,9/11/2024,9/11/2024,,
3,7,24.7,1,0,0,,,,,9/11/2024,9/11/2024,,
4,12,17.7,1,1,0,,,,,9/11/2024,9/11/2024,,
3,12,25.7,1,0,0,,,,,9/11/2024,9/11/2024,,
4,11,70.3,0,0,0,2.0,11.9,11.3,11.6,9/16/2024,9/16/2024,,
3,7,164.0,0,0,1,1.7,8.9,8.7,8.8,9/16/2024,9/16/2024,,
4,9,48.8,0,0,0,2.5,3.8,2.2,3.0,9/16/2024,9/16/2024,,
4,6,20.1,1,1,0,,,,,9/16/2024,9/16/2024,,
3,11,49.9,1,1,0,1.8,8.7,8.5,8.6,9/16/2024,9/16/2024,,
4,1,58.7,0,1,1,1.6,1.5,1.7,1.6,9/16/2024,9/16/2024,,
4,8,71.5,0,0,0,1.6,8.7,8.2,8.5,9/16/2024,9/16/2024,,
3,3,35.1,1,1,0,0.0,3.2,3.8,3.5,9/16/2024,9/16/2024,,
3,10,45.0,1,1,1,,,,,9/16/2024,9/16/2024,,
4,7,65.9,0,0,0,3.7,4.5,3.6,4.1,9/16/2024,9/16/2024,,
3,3,87.8,0,0,1,1.0,7.1,7.3,7.2,9/16/2024,9/16/2024,,
3,4,56.6,0,1,1,1.7,7.3,7.4,7.4,9/16/2024,9/16/2024,,
3,4,82.0,0,1,0,3.6,1.6,1.4,1.5,9/16/2024,9/16/2024,,
2,5,39.1,1,1,0,,,,,9/16/2024,9/16/2024,,
3,5,26.8,0,1,0,1.4,,,,9/16/2024,9/16/2024,,
4,9,32.2,1,0,0,,,,,9/16/2024,9/16/2024,,
1,10,19.8,1,1,0,,,,,9/16/2024,9/16/2024,,
3,10,82.3,1,0,1,2.5,10.3,9.8,10.1,9/16/2024,9/16/2024,,
4,2,25.0,1,1,0,1.6,,,,9/16/2024,9/16/2024,,
4,8,27.1,1,1,0,1.4,,,,9/16/2024,9/16/2024,,
2,1,63.7,1,0,0,1.2,9.7,9.7,9.7,9/16/2024,9/16/2024,,
1,2,32.9,1,1,0,1.2,4.1,4.7,4.4,9/16/2024,9/16/2024,,
1,9,78.6,0,1,1,1.5,11.3,11.7,11.5,9/16/2024,9/16/2024,,
3,11,66.8,0,1,0,1.8,1.0,2.9,2.0,9/16/2024,9/16/2024,,
3,12,23.2,1,0,0,,,,,9/16/2024,9/16/2024,,
2,1,65.1,1,1,0,1.2,9.3,8.9,9.1,9/16/2024,9/16/2024,,
2,1,62.5,0,1,0,2.4,3.6,4.8,4.2,9/16/2024,9/16/2024,,
1,6,76.5,1,0,1,3.5,6.9,10.5,8.7,9/18/2024,9/18/2024,,
4,7,57.8,1,0,0,2.7,7.5,8.0,7.8,9/18/2024,9/18/2024,,
1,1,102.6,1,1,1,2.0,5.2,6.1,5.7,9/18/2024,9/18/2024,,
1,7,13.5,0,0,0,,,,,9/18/2024,9/18/2024,,
3,9,54.3,0,0,1,1.9,4.6,5.1,4.9,9/18/2024,9/18/2024,,
3,5,23.4,0,1,1,1.4,,,,9/18/2024,9/18/2024,,
2,5,37.2,1,1,0,2.5,,,,9/18/2024,9/18/2024,,
1,5,78.1,0,0,0,1.5,5.2,5.0,5.1,9/18/2024,9/18/2024,,
2,1,99.1,0,0,1,3.0,7.4,7.8,7.6,9/18/2024,9/18/2024,,
3,10,59.2,0,0,0,3.0,6.0,5.1,5.6,9/18/2024,9/18/2024,,
3,8,110.0,1,0,0,2.0,6.8,6.6,6.7,9/25/2024,9/25/2024,,
4,3,76.5,0,0,0,1.3,6.6,6.8,6.7,9/25/2024,9/25/2024,,
3,8,87.8,0,0,0,1.4,5.6,6.0,5.8,9/25/2024,9/25/2024,,
2,8,80.8,1,1,0,1.5,6.5,6.6,6.6,9/25/2024,9/25/2024,,
1,1,98.4,0,0,0,1.1,6.4,7.3,6.9,9/25/2024,9/25/2024,,
4,9,69.1,0,0,0,1.6,10.2,8.4,9.3,9/25/2024,9/25/2024,,
3,8,68.9,0,0,0,1.5,6.4,5.8,6.1,9/25/2024,9/25/2024,,
4,8,42.1,1,0,0,0.8,7.6,7.9,7.8,9/25/2024,9/25/2024,,
3,4,83.8,0,0,0,1.8,6.9,6.9,6.9,9/25/2024,9/25/2024,,
4,2,44.1,0,0,0,1.3,8.2,8.9,8.6,9/25/2024,9/25/2024,,
4,6,15.6,1,0,0,,,,,9/25/2024,9/25/2024,,
1,3,172.6,0,0,0,0.8,8.9,7.8,8.4,9/25/2024,9/25/2024,,
2,2,101.3,1,1,1,0.8,6.0,7.6,6.8,9/25/2024,9/25/2024,,
1,1,69.4,0,0,0,1.5,10.9,11.4,11.2,9/25/2024,9/25/2024,,
2,4,91.7,0,0,0,1.3,10.6,10.2,10.4,9/25/2024,9/25/2024,,
3,3,24.6,1,0,0,,,,,9/25/2024,9/25/2024,,
1,11,94.9,0,0,1,1.0,10.8,10.8,10.8,9/25/2024,9/25/2024,,
1,1,54.7,0,0,0,1.4,,,0.0,9/25/2024,9/25/2024,,
1,1,63.5,0,0,0,1.7,11.3,11.1,11.2,9/25/2024,9/25/2024,,
2,6,83.5,0,0,0,2.0,10.3,9.7,10.0,9/25/2024,9/25/2024,,
1,1,86.3,0,0,0,2.2,9.4,9.3,9.4,9/25/2024,9/25/2024,,
4,2,35.2,0,0,1,2.1,10.1,9.8,10.0,9/25/2024,9/25/2024,,
2,2,61.1,1,0,0,1.4,11.6,12.1,11.9,9/25/2024,9/25/2024,,
4,7,47.1,0,0,0,2.0,8.2,9.6,8.9,9/25/2024,9/25/2024,,
1,1,62.8,1,0,1,2.1,9.6,8.6,9.1,9/25/2024,9/25/2024,,
4,5,32.8,0,1,1,1.8,5.0,3.8,4.4,9/25/2024,9/25/2024,,
1,6,64.5,0,0,0,2.6,10.0,10.3,10.2,9/25/2024,9/25/2024,,
1,1,34.8,0,0,0,1.0,5.3,6.3,5.8,9/25/2024,9/25/2024,,
2,1,53.6,0,0,0,1.2,9.0,7.7,8.4,9/25/2024,9/25/2024,,
1,6,42.2,1,1,0,1.0,3.6,4.2,3.9,9/25/2024,9/25/2024,,
2,8,37.9,0,0,1,1.4,6.5,6.8,6.7,9/25/2024,9/25/2024,,
3,5,51.7,0,1,1,1.4,,,,9/25/2024,9/25/2024,,
4,5,45.4,0,0,1,1.2,8.8,8.5,8.7,9/25/2024,9/25/2024,,
4,8,43.5,0,0,0,1.7,9.3,8.1,8.7,9/25/2024,9/25/2024,,
4,2,28.5,0,0,0,1.8,,,0.0,9/25/2024,9/25/2024,,
2,1,28.7,0,0,0,1.6,,,,9/25/2024,9/25/2024,,
4,12,91.2,0,0,0,3.4,12.2,12.2,12.2,10/2/2024,10/2/2024,,
4,8,56.5,0,0,1,2.1,7.9,7.8,7.9,10/2/2024,10/2/2024,,
4,8,75.2,0,0,0,2.0,7.3,7.2,7.3,10/2/2024,10/2/2024,,
4,8,39.8,0,0,1,1.4,8.2,8.6,8.4,10/2/2024,10/2/2024,,
4,4,47.2,0,0,0,2.5,6.7,7.1,6.9,10/2/2024,10/2/2024,,
4,12,55.3,0,0,0,1.6,9.8,10.0,9.9,10/2/2024,10/2/2024,,
4,8,42.7,0,0,0,1.7,8.0,7.2,7.6,10/2/2024,10/2/2024,,
4,8,73.3,0,0,1,1.9,8.7,8.7,8.7,10/2/2024,10/2/2024,,
3,7,107.7,0,0,1,1.2,8.1,8.1,8.1,10/2/2024,10/2/2024,,
4,4,80.7,0,0,1,1.9,11.4,11.5,11.5,10/2/2024,10/2/2024,,
4,5,55.3,0,0,1,2.0,7.4,6.7,7.1,10/2/2024,10/2/2024,,
4,8,52.5,0,0,1,1.8,8.0,8.2,8.1,10/2/2024,10/2/2024,,
3,5,57.6,0,0,0,2.1,9.2,9.2,9.2,10/2/2024,10/2/2024,,
4,9,25.1,0,0,1,,,,,10/2/2024,10/2/2024,,
3,11,37.4,0,0,1,1.3,9.4,9.7,9.6,10/2/2024,10/2/2024,,
3,7,69.9,0,0,1,1.3,7.6,7.6,7.6,10/2/2024,10/2/2024,,
4,5,47.8,0,0,1,1.9,7.5,7.4,7.5,10/2/2024,10/2/2024,,
3,12,71.0,0,0,1,2.5,11.1,11.1,11.1,10/2/2024,10/2/2024,,
3,9,56.7,0,0,0,2.6,7.4,7.6,7.5,10/2/2024,10/2/2024,,
3,3,57.8,0,0,1,2.0,8.0,7.9,8.0,10/2/2024,10/2/2024,,
3,5,50.1,0,0,1,1.5,8.1,8.0,8.1,10/2/2024,10/2/2024,,
3,11,45.0,0,1,0,2.3,8.6,8.2,8.4,10/2/2024,10/2/2024,,
4,12,28.9,0,0,0,7.4,7.8,,3.9,10/2/2024,10/2/2024,,
4,5,32.4,0,0,0,2.6,3.6,4.2,3.9,10/2/2024,10/2/2024,,
4,5,44.4,0,0,0,4.8,4.4,,2.2,10/2/2024,10/2/2024,,
3,1,69.6,0,1,1,1.7,6.0,6.2,6.1,10/2/2024,10/2/2024,,
4,5,38.7,0,0,1,1.8,5.4,5.6,5.5,10/2/2024,10/2/2024,,
4,9,25.5,0,1,0,2.0,,,,10/2/2024,10/2/2024,,
3,7,79.2,0,0,0,2.3,6.1,6.3,6.2,10/2/2024,10/2/2024,,
4,3,39.6,1,1,1,4.5,4.0,,2.0,10/2/2024,10/2/2024,,
4,9,16.9,0,1,0,,,,,10/2/2024,10/2/2024,,
4,8,40.9,0,0,0,1.2,7.2,8.4,7.8,10/2/2024,10/2/2024,,
4,11,38.7,0,1,0,1.1,3.1,2.4,2.8,10/2/2024,10/2/2024,,
3,4,24.1,0,0,0,2.3,5.9,6.3,6.1,10/2/2024,10/2/2024,,
4,12,46.9,1,1,0,1.2,7.0,7.4,7.2,10/2/2024,10/2/2024,,
4,12,49.9,0,0,1,1.2,10.0,9.6,9.8,10/2/2024,10/2/2024,,
3,8,24.3,0,0,0,1.4,3.8,4.1,4.0,10/2/2024,10/2/2024,,
4,5,51.4,0,0,0,2.7,6.9,6.8,6.9,10/2/2024,10/2/2024,,
4,2,59.8,0,0,1,2.0,10.5,10.7,10.6,10/2/2024,10/2/2024,,
3,2,29.5,0,1,1,0.8,,,,10/2/2024,10/2/2024,,
4,8,36.3,0,0,1,2.3,9.2,9.1,9.2,10/2/2024,10/2/2024,,
4,8,20.9,0,0,0,1.4,,,,10/2/2024,10/2/2024,,
4,5,34.1,0,0,0,2.3,5.8,6.8,6.3,10/2/2024,10/2/2024,,
4,4,45.9,0,1,1,2.2,5.5,5.7,5.6,10/2/2024,10/2/2024,,
4,1,50.4,0,0,1,1.6,6.9,6.7,6.8,10/2/2024,10/2/2024,,
3,4,48.7,0,0,1,2.2,7.6,7.3,7.5,10/2/2024,10/2/2024,,
3,8,81.2,0,1,1,1.3,6.5,6.1,6.3,10/2/2024,10/2/2024,,
4,4,74.8,0,0,1,2.1,9.4,9.4,9.4,10/2/2024,10/2/2024,,
4,4,60.5,0,0,1,1.3,5.9,6.2,6.1,10/2/2024,10/2/2024,,
4,3,59.9,0,0,0,2.4,6.9,6.6,6.8,10/2/2024,10/2/2024,,
3,10,27.0,0,0,0,2.1,,,,10/2/2024,10/2/2024,,
4,9,41.5,0,0,0,1.9,7.1,6.8,7.0,10/2/2024,10/2/2024,,
4,12,42.9,0,0,0,4.4,10.2,9.3,9.8,10/2/2024,10/2/2024,,
3,2,57.6,0,0,1,1.1,7.5,7.1,7.3,10/2/2024,10/2/2024,,
4,5,67.3,0,1,1,3.7,,,,10/2/2024,10/2/2024,,
4,4,32.7,0,0,1,1.6,8.6,8.7,8.7,10/2/2024,10/2/2024,,
3,2,89.4,1,1,1,1.8,7.3,7.1,7.2,10/2/2024,10/2/2024,,
4,2,24.5,0,0,0,1.4,9.4,8.4,8.9,10/2/2024,10/2/2024,,
3,10,39.8,0,0,0,1.8,9.5,8.9,9.2,10/2/2024,10/2/2024,,
3,3,107.4,0,1,0,3.4,6.8,7.1,7.0,10/2/2024,10/2/2024,,
4,2,16.8,0,0,0,,,,,10/2/2024,10/2/2024,,
3,5,38.8,0,0,1,1.8,7.1,5.9,6.5,10/2/2024,10/2/2024,,
4,2,28.3,0,1,1,1.7,,,,10/2/2024,10/2/2024,,
3,8,21.2,0,0,0,1.6,5.7,5.2,5.5,10/2/2024,10/2/2024,,
4,4,33.8,0,1,1,2.0,6.7,7.2,7.0,10/2/2024,10/2/2024,,
4,9,19.9,0,0,0,2.2,,,,10/2/2024,10/2/2024,,
3,3,38.6,0,0,1,1.7,7.9,7.9,7.9,10/2/2024,10/2/2024,,
3,5,46.0,0,1,1,1.4,7.0,6.4,6.7,10/2/2024,10/2/2024,,
3,5,25.7,0,0,0,1.0,6.7,6.5,6.6,10/2/2024,10/2/2024,,
4,2,34.7,0,0,0,1.4,2.7,3.1,2.9,10/2/2024,10/2/2024,,
4,11,25.1,0,0,0,2.2,4.3,4.5,4.4,10/2/2024,10/2/2024,,
3,5,30.8,0,0,1,2.1,8.2,7.9,8.1,10/2/2024,10/2/2024,,
4,2,18.3,0,0,0,3.6,,,,10/2/2024,10/2/2024,,
4,3,24.8,0,0,0,1.7,,,,10/2/2024,10/2/2024,,
4,4,30.7,0,0,1,2.9,,,,10/2/2024,10/2/2024,,
4,4,30.7,0,0,1,1.7,4.2,3.1,3.7,10/2/2024,10/2/2024,,
2,11,56.4,0,0,0,1.1,8.8,8.2,8.5,10/2/2024,10/2/2024,,
1,12,32.2,0,0,0,2.8,9.3,9.4,9.4,10/2/2024,10/2/2024,,
2,12,43.3,0,0,0,1.4,4.2,4.3,4.3,10/2/2024,10/2/2024,,
2,7,81.7,0,1,1,1.6,6.9,6.0,6.5,10/2/2024,10/2/2024,,
2,10,22.5,0,0,1,1.0,3.6,4.5,4.1,10/2/2024,10/2/2024,,
1,12,87.6,0,1,1,0.9,5.6,4.8,5.2,10/2/2024,10/2/2024,,
2,11,43.8,0,1,0,2.7,6.2,5.5,5.9,10/2/2024,10/2/2024,,
2,12,54.9,0,1,0,3.2,6.4,6.9,6.7,10/2/2024,10/2/2024,,
1,11,86.2,0,1,1,1.7,4.0,4.9,4.5,10/2/2024,10/2/2024,,
2,4,57.2,0,1,0,4.4,,,,10/2/2024,10/2/2024,,
2,12,26.4,0,0,1,2.2,6.2,5.5,5.9,10/2/2024,10/2/2024,,
2,7,88.3,0,0,1,2.1,8.2,8.1,8.2,10/7/2024,10/7/2024,,
1,8,62.4,0,0,1,1.7,6.4,6.4,6.4,10/7/2024,10/7/2024,,
1,12,11.8,0,0,0,,,,,10/7/2024,10/7/2024,,
2,10,31.3,0,0,0,2.1,9.2,8.7,9.0,10/7/2024,10/7/2024,,
2,12,42.9,0,0,1,1.2,8.8,9.3,9.1,10/7/2024,10/7/2024,,
1,7,48.2,0,0,1,1.7,6.2,5.7,6.0,10/7/2024,10/7/2024,,
2,7,65.3,0,0,1,3.1,6.8,6.8,6.8,10/7/2024,10/7/2024,,
2,8,199.6,0,0,1,1.7,4.8,4.8,4.8,10/7/2024,10/7/2024,,
2,9,55.7,0,0,1,1.0,7.4,7.2,7.3,10/7/2024,10/7/2024,,
2,10,42.0,0,0,0,1.7,8.4,8.0,8.2,10/7/2024,10/7/2024,,
2,19,30.6,0,0,0,2.5,6.3,5.9,6.1,10/7/2024,10/7/2024,,
2,11,45.7,0,0,1,1.7,10.6,10.7,10.7,10/7/2024,10/7/2024,,
2,9,64.9,0,0,1,2.2,6.5,6.3,6.4,10/7/2024,10/7/2024,,
2,10,29.2,0,0,0,1.2,7.9,7.0,7.5,10/7/2024,10/7/2024,,
2,4,46.6,1,1,1,1.4,6.6,6.6,6.6,10/7/2024,10/7/2024,,
2,9,31.3,0,1,0,1.2,5.3,5.2,5.3,10/7/2024,10/7/2024,,
1,7,43.2,0,0,1,1.8,6.4,5.7,6.1,10/7/2024,10/7/2024,,
2,10,34.3,0,1,1,1.3,8.3,7.2,7.8,10/7/2024,10/7/2024,,
2,10,60.3,0,0,0,2.6,8.2,7.6,7.9,10/7/2024,10/7/2024,,
2,10,15.1,0,1,1,3.9,,,,10/7/2024,10/7/2024,,
2,2,173.0,0,0,0,1.6,5.6,5.3,5.5,10/7/2024,10/7/2024,,
2,9,89.0,0,1,1,1.5,7.2,6.2,6.7,10/7/2024,10/7/2024,,
1,7,44.3,0,1,1,1.3,,,,10/7/2024,10/7/2024,,
1,6,41.8,0,0,0,2.1,6.1,6.0,6.1,10/7/2024,10/7/2024,,
2,3,62.4,0,0,1,1.3,8.6,8.9,8.8,10/7/2024,10/7/2024,,
2,9,30.7,0,1,0,1.6,4.2,5.0,4.6,10/7/2024,10/7/2024,,
1,6,60.9,0,0,0,1.1,9.1,9.1,9.1,10/7/2024,10/7/2024,,
1,7,41.6,0,0,0,2.4,,,,10/7/2024,10/7/2024,,
1,2,60.1,0,0,0,1.3,7.9,7.9,7.9,10/7/2024,10/7/2024,,
2,3,44.6,0,0,0,1.6,7.4,8.2,7.8,10/7/2024,10/7/2024,,
1,7,42.3,0,0,1,1.5,6.2,6.2,6.2,10/7/2024,10/7/2024,,
1,6,22.2,0,0,0,1.9,9.4,8.3,8.9,10/7/2024,10/7/2024,,
1,3,65.5,0,0,0,1.1,4.4,4.3,4.4,10/7/2024,10/7/2024,,
2,7,51.1,0,0,1,2.1,6.5,5.5,6.0,10/7/2024,10/7/2024,,
1,7,34.6,0,1,1,1.5,4.0,4.3,4.2,10/7/2024,10/7/2024,,
2,3,45.8,0,0,0,1.8,7.0,7.1,7.1,10/7/2024,10/7/2024,,
2,3,74.2,0,0,0,1.5,9.7,9.0,9.4,10/7/2024,10/7/2024,,
2,2,55.3,0,0,0,1.3,5.4,5.9,5.7,10/7/2024,10/7/2024,,
1,6,15.7,0,1,0,2.2,7.5,6.8,7.2,10/7/2024,10/7/2024,,
2,11,30.8,0,0,0,1.8,8.9,8.8,8.9,10/7/2024,10/7/2024,,
1,1,63.2,0,1,1,1.4,6.4,6.3,6.4,10/7/2024,10/7/2024,,
1,6,30.1,0,0,0,1.2,7.4,9.3,8.4,10/7/2024,10/7/2024,,
1,7,38.9,0,1,0,2.4,6.0,5.0,5.5,10/7/2024,10/7/2024,,
2,3,21.1,0,0,0,1.4,8.1,7.7,7.9,10/7/2024,10/7/2024,,
1,1,59.0,0,1,1,1.3,7.3,6.8,7.1,10/7/2024,10/7/2024,,
2,10,25.6,0,1,1,1.4,4.6,5.5,5.1,10/7/2024,10/7/2024,,
2,2,51.4,0,0,1,1.3,8.8,8.2,8.5,10/7/2024,10/7/2024,,
1,7,43.8,0,0,0,3.6,8.9,9.1,9.0,10/7/2024,10/7/2024,,
2,3,40.3,0,0,0,1.3,7.1,7.0,7.1,10/7/2024,10/7/2024,,
2,10,24.1,0,0,0,2.4,9.3,8.6,9.0,10/7/2024,10/7/2024,,
2,12,27.7,0,1,1,1.2,6.1,5.2,5.7,10/7/2024,10/7/2024,,
2,3,38.8,0,0,0,2.4,8.3,8.2,8.3,10/7/2024,10/7/2024,,
1,1,32.6,0,0,1,1.0,6.3,5.7,6.0,10/7/2024,10/7/2024,,
1,7,29.3,0,0,0,1.8,2.9,3.0,3.0,10/7/2024,10/7/2024,,
1,1,62.4,0,0,0,1.6,6.1,6.2,6.2,10/7/2024,10/7/2024,,
2,1,16.3,0,0,0,1.1,,,,10/7/2024,10/7/2024,,
1,1,41.6,0,0,0,2.1,7.8,7.7,7.8,10/7/2024,10/7/2024,,
1,1,64.5,0,1,1,1.6,8.6,9.5,9.1,10/7/2024,10/7/2024,,
1,6,26.0,0,0,0,1.8,8.4,8.1,8.3,10/7/2024,10/7/2024,,
1,6,18.8,0,0,0,1.6,,,,10/7/2024,10/7/2024,,
