State,Farms,Naturally Grown,GAP Certified,Certified Organic,Certified Naturally Grown,Integrated Pest Management,ROP Certified,Demeter Certified,Animal Welfare/Cruelty Free,Grass Fed/Free Range,Conventional,Transitional,Kosher,Halaal,Naturally Grown %,GAP Certified %,Certified Organic %,Certified Naturally Grown %,Integrated Pest Management %,ROP Certified %,Demeter Certified %,Animal Welfare/Cruelty Free %,Grass Fed %,Conventional %,Transitional %,Kosher %,Halaal %,Season,Product Diversity mean,Product Diversity sd,almonds,alpaca,apples,apricots,artichokes,arugula,asparagus,avocados,bananas,barley,beef,beefalo,beer,beeswax,beets,bison,blackberries,blueberries,boysenberries,bread,broccoli,buckwheat,burdock,butter,buttermilk,cabbage,cacao,cantaloupes,carrots,cashmere,cauliflower,celery,cheese,cherimoyas,cherries,chestnuts,chicken,cider,coffee,collards,corn,cranberries,cucumber,currants,daikon,dates,duck,earthworms,eggplant,eggs,emu,etc,figs,firewood,flour,gamebird,garlic,geese,ginger,goat,gourds,grapefruit,grapes,guavas,hazelnuts,honey,hops,jerky,kale,kiwis,kohlrabi,kumquats,lamb,leeks,lemons,lettuce,limes,llama,longan,luffa,lumber,lychees,macadamias,mandarins,mangos,marionberries,melons,microgreens,milk,millet,mohair,molasses,mushrooms,nectarines,oats,okra,olives,ollalieberries,onions,oranges,ostrich,papayas,parsnips,passionfruit,pawpaws,peaches,peanuts,pears,peas,pecans,persimmons,pickles,pistachios,plums,pomelos,popcorn,pork,potatoes,preserves,prunes,pumpkins,quince,rabbit,radishes,raisins,raspberries,rhubarb,rice,rutabagas,rye,seeds,shallots,sheepskins,soap,sodas,soybeans,spelt,spinach,sprouts,squab,strawberries,sunchokes,tangerines,teas,tobacco,tomatillos,tomatoes,tropicals,turkey,turnips,veal,venison,vinegar,walnuts,watermelons,wheat,wine,wool,wreaths,yogurt,zucchini
Alabama,200,114,1,13,18,25,0,0,2,82,14,6,3,2,57,0,6,9,12,0,0,1,41,7,3,2,1,Fall,7.655,8.780172672607527,1,1,11,0,3,29,4,2,1,1,45,0,0,5,34,1,2,4,1,12,39,1,0,10,3,35,0,4,36,0,22,8,7,0,0,0,49,1,2,45,12,0,23,0,13,0,13,10,17,80,0,11,3,12,2,5,18,4,3,20,9,1,3,0,1,23,0,2,49,1,13,1,17,6,3,46,2,0,0,4,1,0,1,1,0,0,10,10,13,3,0,4,10,0,1,23,0,0,26,3,1,0,6,0,0,4,5,13,20,16,7,9,0,1,0,5,45,37,21,0,34,0,12,37,0,3,2,2,13,1,16,5,2,21,1,1,0,39,19,1,4,7,1,8,2,3,40,0,18,42,0,1,4,3,7,5,1,6,3,1,24
Alabama,200,114,1,13,18,25,0,0,2,82,14,6,3,2,57,0,6,9,12,0,0,1,41,7,3,2,1,Spring,7.475,8.87203131748826,1,2,3,0,2,33,10,2,1,1,41,0,0,4,33,1,10,19,1,12,43,0,1,10,3,39,0,9,43,0,27,9,8,0,1,0,46,0,2,34,15,0,30,0,9,0,13,10,15,82,0,27,4,9,2,4,17,3,2,18,1,0,1,0,1,24,0,2,40,0,18,1,20,11,2,55,2,2,0,2,1,0,0,1,0,0,9,10,12,2,0,4,8,3,2,14,0,0,50,1,0,0,3,0,0,5,4,2,34,5,1,7,0,5,1,3,35,24,18,0,2,0,12,44,0,1,2,2,11,1,14,4,2,20,1,0,0,40,17,1,21,2,2,7,1,2,36,0,8,31,0,1,4,0,6,5,1,8,2,0,27
Alabama,200,114,1,13,18,25,0,0,2,82,14,6,3,2,57,0,6,9,12,0,0,1,41,7,3,2,1,Summer,8.145,9.068359871209834,1,1,10,1,3,17,2,2,1,1,39,0,0,5,12,1,30,35,2,12,6,1,0,10,3,7,0,35,11,0,7,3,8,0,1,0,45,0,2,8,45,0,66,0,2,0,13,10,57,83,0,14,30,9,2,4,27,4,4,18,4,0,7,0,1,28,0,2,10,1,4,1,14,8,1,24,1,2,0,3,1,0,0,2,0,0,50,8,12,3,0,4,10,3,1,66,0,0,39,0,0,0,3,1,0,15,5,19,37,5,5,14,0,6,1,6,38,36,23,0,11,0,13,17,0,7,2,2,3,1,13,1,2,22,1,6,0,7,10,1,14,4,2,8,1,18,81,0,7,8,0,1,5,1,45,5,1,6,2,0,67
Alabama,200,114,1,13,18,25,0,0,2,82,14,6,3,2,57,0,6,9,12,0,0,1,41,7,3,2,1,Winter,4.47,6.5592851062846504,1,1,2,0,1,24,1,2,1,1,38,0,0,2,12,1,0,1,1,12,21,0,1,9,2,22,0,0,23,0,14,6,8,0,0,0,30,0,2,34,4,1,7,0,8,0,11,8,2,62,0,6,0,11,2,4,8,2,3,15,1,1,0,0,1,13,0,2,34,0,12,1,13,4,2,31,0,0,0,2,1,0,0,1,0,0,0,9,8,1,0,4,7,0,2,2,0,0,18,0,0,0,5,0,0,0,4,2,4,7,4,4,0,0,1,3,35,6,13,0,1,0,11,21,0,0,1,2,10,1,14,3,2,18,1,0,0,24,21,1,3,4,2,6,1,0,8,0,6,24,0,1,4,1,0,5,1,6,3,0,3
Arizona,158,98,1,11,20,18,0,0,7,48,6,9,6,1,62,1,7,13,11,0,0,4,30,4,6,4,1,Fall,7.056962025316456,10.359305285517399,2,8,13,1,1,24,1,1,0,1,28,0,1,2,27,0,0,0,0,11,19,0,1,3,1,21,1,9,30,1,13,6,7,0,0,0,17,0,3,16,13,0,28,0,9,6,4,4,22,57,0,13,6,4,4,0,14,1,1,15,10,2,1,0,0,14,0,2,27,0,15,0,12,10,1,34,1,3,0,2,0,0,0,2,0,0,15,10,13,0,2,0,3,0,2,17,2,0,27,4,0,0,5,0,0,3,0,8,14,8,2,7,3,2,0,1,18,19,11,0,25,2,6,29,0,0,1,0,4,1,17,3,4,12,1,3,1,26,17,0,4,5,3,11,1,11,28,0,14,18,0,0,5,0,13,8,1,9,1,5,24
Arizona,158,98,1,11,20,18,0,0,7,48,6,9,6,1,62,1,7,13,11,0,0,4,30,4,6,4,1,Spring,6.550632911392405,9.456267067824292,0,8,4,6,10,29,12,1,0,0,25,0,1,1,32,0,1,1,0,11,18,0,2,2,0,24,1,6,33,1,15,13,4,0,1,0,18,0,3,22,11,0,17,0,6,4,6,5,6,57,0,19,6,2,4,1,13,1,1,15,8,8,1,0,0,13,0,2,29,0,16,0,12,13,6,34,2,3,0,3,0,0,0,2,0,0,8,10,10,0,2,0,4,1,1,3,2,0,30,7,0,0,6,0,0,4,0,2,20,2,0,5,0,1,1,0,16,11,10,0,2,0,6,30,0,0,4,0,4,0,14,5,5,11,1,0,0,32,17,0,5,3,3,8,0,4,19,0,6,19,0,0,4,0,3,8,0,11,0,4,20
Arizona,158,98,1,11,20,18,0,0,7,48,6,9,6,1,62,1,7,13,11,0,0,4,30,4,6,4,1,Summer,5.974683544303797,8.751305174424317,0,8,11,5,4,11,3,2,0,0,26,0,1,2,14,0,1,0,0,10,5,0,2,1,0,8,1,19,14,1,3,3,4,0,1,0,14,0,2,4,21,0,37,0,2,4,5,5,26,56,0,17,6,2,4,1,17,1,1,13,9,1,4,0,0,14,0,2,13,0,4,0,10,12,0,12,1,3,0,2,0,0,0,1,0,0,25,8,10,0,2,0,3,3,1,25,5,0,29,2,0,0,2,1,0,11,0,7,9,2,0,6,2,3,0,2,15,14,10,0,11,0,5,11,1,0,5,0,0,0,18,6,4,10,1,3,0,9,13,0,4,4,1,8,1,14,37,1,8,7,0,0,4,0,24,7,0,10,0,4,30
Arizona,158,98,1,11,20,18,0,0,7,48,6,9,6,1,62,1,7,13,11,0,0,4,30,4,6,4,1,Winter,5.044303797468355,7.8880260273249725,0,7,3,1,0,23,0,1,0,0,26,0,1,1,20,0,0,0,0,10,18,0,0,2,0,21,1,1,24,1,15,7,4,0,0,0,14,0,3,17,3,0,6,0,6,4,4,4,3,52,0,12,3,3,4,1,4,1,1,12,5,12,1,0,0,11,0,3,23,0,14,0,10,6,11,26,4,3,0,3,0,0,0,5,0,0,1,9,8,0,2,0,3,0,1,2,2,0,19,12,0,0,9,0,0,1,0,3,9,4,0,4,2,0,2,0,18,8,10,0,3,0,6,21,0,0,0,0,6,0,12,0,4,11,1,0,0,23,19,0,3,4,8,8,0,0,8,0,10,13,0,0,4,0,1,7,0,9,0,4,2
Arkansas,152,88,0,7,11,17,1,0,2,62,16,1,1,1,58,0,5,7,11,1,0,1,41,11,1,1,1,Fall,6.5855263157894735,7.667290185848249,0,1,10,1,1,11,1,0,0,0,37,0,0,2,18,0,6,2,1,11,19,0,2,2,0,13,0,5,24,1,11,3,8,0,0,1,33,0,1,17,8,0,24,0,6,0,10,4,11,58,0,12,1,10,0,3,13,1,4,24,7,0,2,0,0,15,0,2,23,0,8,0,21,4,0,37,0,1,0,3,4,0,0,0,0,0,11,3,24,0,3,0,3,1,0,22,0,0,21,0,0,0,0,0,0,2,0,8,15,4,3,5,0,0,0,0,25,24,14,0,24,0,17,27,0,3,2,0,0,0,12,1,1,9,0,0,0,25,13,0,1,3,0,6,1,1,35,0,11,18,0,1,1,2,9,2,0,3,2,6,19
Arkansas,152,88,0,7,11,17,1,0,2,62,16,1,1,1,58,0,5,7,11,1,0,1,41,11,1,1,1,Spring,6.032894736842105,7.266377039048724,0,1,0,0,2,17,14,0,0,1,32,0,0,3,26,0,9,6,1,10,23,0,1,0,0,22,0,2,25,1,10,4,5,0,0,0,30,0,1,19,4,0,22,0,3,0,9,4,4,59,0,20,0,8,0,3,7,1,0,23,2,0,0,0,0,12,0,2,28,0,11,0,19,3,0,38,0,2,0,1,4,0,0,0,0,0,3,3,25,0,3,0,4,0,0,9,0,0,27,0,0,0,1,0,0,1,0,0,23,0,0,2,0,1,0,0,21,17,10,0,0,0,16,33,0,4,1,0,0,0,12,4,1,8,0,0,0,33,9,0,16,1,1,6,1,2,16,0,3,19,0,0,0,0,3,1,0,3,0,4,16
Arkansas,152,88,0,7,11,17,1,0,2,62,16,1,1,1,58,0,5,7,11,1,0,1,41,11,1,1,1,Summer,6.75,7.500331118518516,0,1,5,1,1,9,1,0,0,0,33,0,0,3,4,0,27,15,1,10,4,0,0,0,0,4,0,19,16,1,1,3,6,0,2,0,34,0,1,6,26,0,38,0,3,0,10,5,24,61,0,15,4,8,1,3,18,2,3,21,5,0,6,0,0,12,0,2,8,0,1,0,20,4,0,21,0,1,0,4,4,0,0,0,0,0,31,3,25,0,2,0,3,1,0,44,0,0,27,0,0,0,0,0,0,10,0,4,19,2,0,3,0,4,0,2,20,25,11,0,8,0,17,18,0,8,1,0,0,0,16,2,1,8,0,4,0,4,3,0,9,1,1,6,2,9,49,0,4,4,0,0,1,0,30,1,0,3,0,4,38
Arkansas,152,88,0,7,11,17,1,0,2,62,16,1,1,1,58,0,5,7,11,1,0,1,41,11,1,1,1,Winter,2.861842105263158,3.743514200711764,0,1,0,0,0,4,0,0,0,1,34,0,0,2,2,0,2,2,1,10,5,0,0,1,0,6,0,0,7,1,2,0,6,0,0,0,26,0,1,6,0,0,3,0,1,0,7,3,0,44,0,6,0,9,0,2,3,1,1,21,1,0,0,0,0,7,0,2,12,0,0,0,20,0,0,16,0,1,0,0,3,0,0,0,0,0,0,2,21,0,2,0,1,0,0,0,0,0,2,0,0,0,1,0,0,0,0,0,1,3,0,2,0,0,0,0,20,2,8,0,0,0,15,4,0,3,0,0,0,0,10,0,1,8,0,0,0,8,5,0,2,1,0,4,0,0,4,0,4,5,0,1,0,0,0,2,0,3,2,4,1
California,1547,589,19,217,76,183,15,8,42,289,65,45,21,15,38,1,14,5,12,1,1,3,19,4,3,1,1,Fall,5.49256625727214,9.455576823270768,43,17,165,15,37,152,9,63,8,10,107,1,2,24,215,2,41,18,6,34,177,2,14,13,3,164,2,66,216,4,139,87,26,4,6,6,105,7,9,131,119,2,163,0,58,8,28,29,148,277,3,73,78,40,8,16,131,10,11,56,74,29,65,31,2,97,0,12,231,15,65,8,67,122,93,241,57,10,3,32,3,1,9,32,7,1,113,22,28,2,7,1,23,17,5,53,42,0,220,64,2,6,50,17,0,34,3,109,77,12,121,33,15,34,5,20,92,150,96,11,227,26,31,176,19,49,16,4,27,4,79,44,12,53,6,20,2,169,93,1,83,22,25,31,8,85,273,9,63,110,2,1,34,73,86,36,21,47,13,13,205
California,1547,589,19,217,76,183,15,8,42,289,65,45,21,15,38,1,14,5,12,1,1,3,19,4,3,1,1,Spring,4.508726567550097,7.805470938971716,30,18,17,47,78,177,68,68,4,10,100,1,1,22,226,2,33,40,15,32,186,2,7,13,2,161,2,11,214,4,133,85,24,15,55,1,97,5,10,130,37,0,88,3,41,5,26,31,35,288,3,100,22,35,7,15,141,11,7,50,16,47,8,9,1,95,0,12,238,7,75,21,64,112,113,270,44,10,3,13,3,0,7,30,3,3,18,23,28,2,7,1,24,23,6,17,13,5,222,91,1,3,32,11,0,36,2,12,169,7,7,21,13,31,10,10,88,93,81,6,12,3,28,205,7,33,33,4,18,5,70,41,10,55,6,11,2,202,73,0,131,4,32,30,6,17,78,7,20,120,2,0,29,43,10,34,19,53,2,10,102
California,1547,589,19,217,76,183,15,8,42,289,65,45,21,15,38,1,14,5,12,1,1,3,19,4,3,1,1,Summer,5.7188106011635425,9.444146513632733,35,17,102,107,64,102,15,70,8,10,101,1,3,23,190,2,129,65,26,34,84,2,5,14,3,84,2,120,190,4,61,56,25,4,56,1,105,4,10,92,186,0,308,3,29,5,27,30,242,289,3,82,116,36,8,15,190,9,8,54,35,38,91,13,1,105,0,12,186,3,31,11,65,110,81,196,41,11,3,26,3,1,9,13,7,10,206,26,30,1,7,1,23,100,7,106,20,16,242,62,1,5,22,22,0,164,4,107,64,7,13,30,12,147,1,17,88,161,92,19,81,9,26,143,11,77,23,4,8,4,77,52,11,53,6,38,3,91,57,0,139,14,13,31,5,138,360,8,25,63,3,0,31,46,175,40,19,46,1,12,313
California,1547,589,19,217,76,183,15,8,42,289,65,45,21,15,38,1,14,5,12,1,1,3,19,4,3,1,1,Winter,3.5009696186166774,6.63299353225578,29,16,32,4,26,125,11,58,5,9,93,1,2,20,158,2,2,3,0,31,170,2,8,12,3,149,2,3,154,4,136,73,23,13,3,2,77,5,8,123,21,0,16,1,48,6,22,28,12,227,3,66,7,43,8,14,77,10,6,44,24,55,4,19,1,79,0,12,200,14,59,24,58,87,131,206,59,9,1,13,3,1,8,66,4,0,5,22,22,2,7,1,21,3,4,5,22,0,132,121,1,3,39,8,0,5,2,13,61,11,48,23,12,4,18,12,87,59,86,7,47,6,28,122,10,4,10,4,28,4,63,29,10,55,6,5,2,137,94,0,26,15,52,29,5,5,19,10,28,92,2,0,28,46,4,29,19,41,18,9,16
Colorado,354,234,2,33,37,61,4,4,16,133,15,11,7,3,66,1,9,10,17,1,1,5,38,4,3,2,1,Fall,10.841807909604519,12.715133545693092,1,12,55,7,8,89,1,2,1,3,79,0,1,11,111,12,9,3,0,21,81,3,4,8,2,91,0,22,123,2,51,43,23,1,9,1,55,10,8,52,37,1,80,1,37,1,17,11,63,135,0,18,3,11,7,6,92,7,6,35,20,1,9,0,0,53,1,9,117,0,61,0,49,68,2,120,1,5,0,1,2,0,0,0,0,0,39,21,36,2,2,1,15,3,1,19,0,0,121,1,0,0,47,0,0,20,0,27,41,0,0,29,1,17,0,7,58,105,32,0,112,0,13,107,1,24,14,1,25,2,26,39,7,37,3,11,1,119,42,1,18,21,0,19,1,42,106,0,35,81,4,3,10,1,30,18,3,20,4,12,78
Colorado,354,234,2,33,37,61,4,4,16,133,15,11,7,3,66,1,9,10,17,1,1,5,38,4,3,2,1,Spring,6.536723163841808,8.10973300435336,1,11,3,4,1,99,37,1,0,2,64,0,0,9,77,11,0,1,0,21,43,2,0,9,2,42,0,0,82,2,21,6,23,1,8,0,46,3,8,37,4,0,15,1,15,1,13,10,7,133,0,52,1,11,7,5,29,3,1,33,3,1,0,0,0,45,0,9,99,0,32,0,38,8,1,110,1,5,0,1,2,1,0,0,0,0,4,19,33,1,2,1,13,0,1,4,0,0,75,1,0,0,1,0,0,2,0,1,90,0,0,20,1,1,0,3,49,9,26,0,0,0,12,108,1,6,26,1,2,2,25,7,6,34,3,2,1,117,24,1,13,4,0,18,2,2,16,0,9,57,3,3,9,0,2,14,2,22,1,12,16
Colorado,354,234,2,33,37,61,4,4,16,133,15,11,7,3,66,1,9,10,17,1,1,5,38,4,3,2,1,Summer,11.036723163841808,12.388027963481294,1,12,24,22,10,64,7,2,1,4,72,0,1,9,127,12,12,4,0,22,75,3,3,9,2,83,0,41,132,2,47,42,26,1,22,0,59,6,8,54,59,0,136,4,29,1,15,10,104,143,0,28,3,11,7,6,98,3,4,37,6,1,12,0,0,50,0,9,111,0,50,0,39,61,1,115,1,6,0,1,2,1,0,0,0,1,68,20,38,1,2,1,15,8,1,42,0,0,123,1,0,0,11,0,0,36,0,26,69,0,0,28,1,27,0,5,52,84,30,1,23,0,14,93,1,35,25,2,10,2,24,26,6,37,3,22,1,65,28,1,36,10,0,18,2,61,144,0,14,66,4,3,9,0,56,18,2,22,1,13,134
Colorado,354,234,2,33,37,61,4,4,16,133,15,11,7,3,66,1,9,10,17,1,1,5,38,4,3,2,1,Winter,3.1497175141242937,6.307301621481113,1,10,4,0,0,19,1,2,0,2,60,0,0,7,14,11,0,0,0,18,9,2,0,7,2,11,0,0,26,1,3,4,16,1,0,0,32,5,7,11,2,0,4,0,7,1,10,7,2,106,0,12,1,11,6,4,10,4,1,27,4,0,0,0,0,32,0,9,28,0,7,0,31,7,2,34,2,3,0,0,2,0,0,0,0,0,0,14,30,1,2,1,5,0,1,2,0,0,23,1,0,0,8,0,0,0,0,0,8,0,0,16,1,0,0,2,46,13,23,0,7,0,10,20,1,0,0,1,3,2,18,3,6,30,2,2,1,31,13,1,0,3,0,16,1,0,4,0,12,10,3,3,6,0,0,11,1,18,7,9,1
Connecticut,248,156,4,32,19,68,1,0,9,77,27,7,2,5,63,2,13,8,27,0,0,4,31,11,3,1,2,Fall,14.459677419354838,13.928038998396886,0,14,51,1,4,83,2,2,1,1,40,0,0,6,92,0,10,15,0,9,86,0,6,8,0,91,0,13,94,0,62,47,23,1,1,4,40,20,6,64,46,0,72,0,37,1,8,2,75,99,0,26,4,26,3,4,91,6,15,22,56,1,10,0,1,59,0,4,101,3,57,1,22,79,3,111,2,5,0,7,5,0,0,0,1,0,30,15,25,0,2,1,15,9,2,25,1,0,105,2,0,0,54,0,0,19,0,35,28,0,1,28,0,12,0,7,48,98,40,0,102,3,15,103,0,29,7,1,42,3,8,39,4,32,6,16,1,84,77,0,7,14,0,9,1,40,96,0,22,84,10,1,13,2,27,8,0,16,14,12,74
Connecticut,248,156,4,32,19,68,1,0,9,77,27,7,2,5,63,2,13,8,27,0,0,4,31,11,3,1,2,Spring,8.19758064516129,8.33832150130091,0,14,2,0,3,85,47,1,0,0,38,0,0,5,74,0,2,4,0,7,52,0,2,7,0,40,0,1,50,1,24,8,22,0,2,0,30,3,6,33,10,0,27,3,9,0,8,2,12,96,0,59,0,22,2,2,23,5,1,18,3,0,0,0,0,42,0,4,82,1,34,0,17,19,1,111,1,4,0,1,5,0,0,0,0,0,2,15,24,0,2,1,14,0,0,2,1,0,67,1,0,0,7,0,0,1,0,1,85,0,0,19,0,0,0,2,39,10,26,0,4,0,12,97,0,4,40,1,2,0,9,5,4,31,6,3,0,90,8,0,40,2,0,5,0,7,26,0,9,38,11,1,11,1,1,6,0,18,2,11,22
Connecticut,248,156,4,32,19,68,1,0,9,77,27,7,2,5,63,2,13,8,27,0,0,4,31,11,3,1,2,Summer,14.608870967741936,13.833460064047864,1,15,31,9,9,58,9,3,1,1,38,0,0,7,98,0,32,61,0,9,61,0,4,8,0,73,0,48,101,1,38,44,24,0,12,0,39,7,6,51,72,1,128,7,15,0,9,3,116,100,0,36,8,20,3,3,97,4,6,20,15,2,8,0,0,55,0,4,96,4,49,1,17,56,4,108,3,4,0,4,5,0,0,0,2,0,71,13,25,0,2,1,13,20,2,43,1,0,109,2,0,0,16,0,1,42,0,28,38,0,1,30,0,30,0,5,43,86,37,3,12,0,15,95,0,55,27,1,12,2,8,41,4,31,6,30,1,43,19,0,46,8,1,9,2,52,135,0,9,55,10,1,12,2,69,7,0,16,2,12,127
Connecticut,248,156,4,32,19,68,1,0,9,77,27,7,2,5,63,2,13,8,27,0,0,4,31,11,3,1,2,Winter,4.209677419354839,6.122599264844027,0,13,12,0,1,25,0,1,0,0,36,0,0,6,18,0,0,0,0,6,4,0,2,6,0,19,0,0,24,0,2,5,16,0,0,1,24,5,5,10,3,0,4,0,6,0,7,0,1,78,0,5,0,24,2,2,24,6,4,12,6,0,0,0,0,36,0,4,34,1,13,0,17,20,1,31,1,4,0,2,5,0,0,0,0,0,0,10,15,0,2,1,5,0,0,0,1,0,20,1,0,0,13,0,0,0,0,2,2,0,0,18,0,0,0,2,38,24,23,0,3,0,11,19,0,0,0,1,11,0,6,9,4,29,6,0,0,32,15,0,0,4,0,5,0,0,5,0,12,21,10,1,9,1,0,6,0,16,28,9,0
Delaware,33,23,1,1,0,7,0,0,1,10,2,5,0,0,70,3,3,0,21,0,0,3,30,6,15,0,0,Fall,11.878787878787879,13.594018849657687,0,1,3,0,1,8,1,1,1,0,6,0,0,1,9,2,1,0,0,2,10,0,1,1,0,9,0,2,9,0,7,1,1,0,0,2,5,2,1,9,4,0,7,0,5,0,0,0,6,13,0,3,4,3,0,1,3,0,1,1,5,0,0,0,1,4,0,1,13,0,5,0,5,7,1,12,1,0,0,1,0,0,0,0,0,0,3,1,1,0,0,0,2,0,0,4,0,0,8,0,0,0,5,1,0,2,1,3,7,1,2,2,0,1,0,0,8,13,3,0,11,0,1,13,0,2,0,0,5,0,3,3,1,4,1,3,0,10,7,0,0,2,0,1,1,5,11,0,5,13,0,0,2,1,3,2,0,2,1,0,7
Delaware,33,23,1,1,0,7,0,0,1,10,2,5,0,0,70,3,3,0,21,0,0,3,30,6,15,0,0,Spring,9.545454545454545,8.920099877141613,0,1,0,0,1,10,7,1,1,1,6,0,0,1,10,2,3,3,0,2,8,0,1,1,0,10,0,1,10,0,4,0,1,0,0,0,7,1,1,5,2,0,4,0,3,0,0,0,1,16,0,5,0,2,0,1,1,0,0,0,0,0,0,0,0,4,0,1,12,0,6,0,4,2,1,14,1,0,0,0,0,0,0,0,0,0,1,1,1,0,0,0,2,0,0,0,0,0,13,0,0,0,1,0,0,0,0,0,12,0,0,2,0,0,0,0,8,4,3,0,0,0,1,13,0,3,5,0,0,1,3,1,1,4,1,1,0,13,2,0,6,0,0,1,0,0,4,0,3,10,0,0,2,1,1,4,0,3,0,0,4
Delaware,33,23,1,1,0,7,0,0,1,10,2,5,0,0,70,3,3,0,21,0,0,3,30,6,15,0,0,Summer,11.848484848484848,12.725764250432103,0,1,3,1,1,4,0,1,1,1,6,0,0,1,10,2,5,7,0,2,1,0,0,1,0,3,0,7,10,0,2,2,1,0,4,0,7,1,1,3,8,0,16,1,0,0,0,0,15,15,0,5,3,2,0,1,5,0,0,0,2,0,2,0,0,5,0,1,8,1,4,0,4,6,1,10,1,0,0,0,0,0,0,0,0,0,9,1,1,0,0,0,2,2,0,9,0,0,14,0,0,0,2,0,0,4,0,2,2,0,0,3,0,3,0,0,8,12,4,0,1,0,1,6,0,3,1,0,1,1,4,5,1,4,1,3,0,3,1,0,2,0,0,1,1,8,16,0,3,5,0,0,2,2,9,3,0,3,0,0,17
Delaware,33,23,1,1,0,7,0,0,1,10,2,5,0,0,70,3,3,0,21,0,0,3,30,6,15,0,0,Winter,2.6666666666666665,5.26584909265986,0,1,1,0,0,0,0,0,0,0,5,0,0,0,1,1,1,0,0,1,1,0,0,0,0,2,0,0,1,0,0,0,0,0,0,0,3,1,0,2,0,0,0,0,2,0,0,0,0,11,0,1,0,2,0,1,1,0,0,0,0,0,0,0,0,4,0,0,2,0,0,0,4,1,0,2,0,0,0,0,0,0,0,0,0,0,0,0,0,0,0,0,1,0,0,0,0,0,1,0,0,0,1,0,0,0,0,0,0,0,0,1,0,0,0,0,6,1,2,0,0,0,0,0,0,0,0,0,1,0,3,1,1,3,0,0,0,1,2,0,0,1,0,1,0,0,0,0,2,1,0,0,1,1,0,2,0,2,0,0,0
Florida,677,438,8,46,47,135,3,2,27,210,65,33,14,12,65,1,7,7,20,0,0,4,31,10,5,2,2,Fall,6.636632200886263,8.827623696128017,2,5,9,2,1,102,4,23,39,2,90,0,1,16,74,6,7,12,1,27,86,3,1,31,15,67,1,10,83,0,48,41,46,1,4,5,132,3,9,113,33,1,97,1,47,2,33,27,91,224,2,82,18,20,1,15,29,10,26,75,12,21,12,15,0,79,0,8,133,5,59,2,38,25,29,150,18,4,7,24,3,3,1,6,19,0,24,46,64,3,1,1,19,2,2,66,6,0,95,27,1,32,8,22,1,6,4,16,57,11,22,27,0,4,4,2,81,77,41,0,48,1,38,102,0,7,2,1,11,1,64,12,1,56,4,5,2,72,61,1,20,9,19,27,1,15,134,30,50,71,2,4,13,2,21,53,5,8,6,34,79
Florida,677,438,8,46,47,135,3,2,27,210,65,33,14,12,65,1,7,7,20,0,0,4,31,10,5,2,2,Spring,7.2437223042836045,9.597736559767622,2,6,9,1,2,107,12,15,34,2,90,0,1,16,91,6,34,58,2,26,97,2,3,31,15,90,1,19,112,0,60,52,44,1,3,1,134,2,9,114,50,0,148,0,51,0,33,27,107,227,4,85,12,16,1,15,30,7,22,69,9,24,9,12,0,80,0,8,136,3,60,2,35,42,23,153,19,4,4,13,3,8,0,2,17,0,47,46,64,2,1,1,15,6,2,74,3,0,118,32,1,27,12,18,0,27,0,9,83,3,8,24,0,10,5,1,83,76,39,0,22,0,37,118,0,8,1,2,13,1,64,18,1,54,4,9,2,90,68,1,60,6,15,26,1,23,159,33,19,68,2,4,12,1,42,49,5,10,2,33,110
Florida,677,438,8,46,47,135,3,2,27,210,65,33,14,12,65,1,7,7,20,0,0,4,31,10,5,2,2,Summer,4.872968980797637,6.6691770173892575,2,6,13,0,3,33,5,24,34,2,84,0,1,17,21,6,31,40,2,24,14,2,1,31,15,8,1,23,25,0,5,14,46,3,2,1,120,2,8,31,52,0,72,0,11,1,32,27,76,217,2,72,28,16,1,13,19,7,21,72,9,7,21,18,0,76,0,8,40,2,13,0,36,12,15,47,13,4,19,21,3,23,0,2,46,0,52,40,66,5,1,1,14,2,3,99,6,0,50,14,1,23,2,17,0,10,3,21,28,4,11,27,0,9,2,3,81,43,42,0,24,0,32,30,0,8,2,2,2,1,63,5,2,54,4,6,2,27,40,1,16,6,6,27,1,12,91,34,19,11,2,4,12,2,46,48,5,7,2,34,55
Florida,677,438,8,46,47,135,3,2,27,210,65,33,14,12,65,1,7,7,20,0,0,4,31,10,5,2,2,Winter,6.57754800590842,8.77658082067886,2,6,6,1,1,109,4,17,33,2,93,0,1,15,103,6,7,15,1,25,124,2,0,31,15,112,1,4,112,0,85,57,44,0,3,2,128,2,9,135,25,0,65,0,60,0,29,26,56,218,2,74,8,19,1,13,24,6,23,73,8,35,6,10,0,77,0,8,156,1,72,8,34,36,31,164,23,4,2,11,3,3,1,5,8,0,10,46,64,2,1,1,13,2,2,18,3,0,107,44,1,33,13,17,0,3,1,5,66,5,6,23,1,2,4,1,80,50,37,0,21,0,37,108,0,5,0,2,19,2,62,11,1,54,4,4,2,101,77,1,50,8,20,26,0,14,101,27,30,79,2,4,12,1,9,49,5,7,8,34,54
Georgia,447,280,4,30,61,60,0,2,12,170,26,19,5,5,63,1,7,14,13,0,0,3,38,6,4,1,1,Fall,8.472035794183444,10.49892162382832,3,13,30,1,2,85,2,2,3,0,75,0,0,18,95,1,6,8,0,16,104,3,4,15,7,98,0,18,100,1,70,21,21,0,1,6,76,3,7,116,34,1,57,0,45,0,16,14,60,175,0,29,28,23,4,6,52,7,16,43,21,1,18,1,1,48,0,3,115,0,57,0,34,41,3,118,3,1,0,15,7,0,0,0,1,0,30,19,48,1,4,5,34,2,4,71,0,0,82,2,0,0,23,0,0,4,7,27,54,31,20,19,0,1,0,7,66,110,34,0,90,1,25,101,1,7,3,1,31,1,27,11,7,39,0,8,0,100,63,0,8,21,1,16,0,9,102,0,32,98,1,2,5,7,29,20,2,11,3,7,63
Georgia,447,280,4,30,61,60,0,2,12,170,26,19,5,5,63,1,7,14,13,0,0,3,38,6,4,1,1,Spring,7.337807606263982,9.058602314933657,3,12,5,1,7,92,35,3,4,0,67,0,0,15,101,1,15,24,0,16,97,1,1,15,7,84,0,10,106,1,56,24,21,0,1,0,71,1,7,97,20,0,66,0,37,0,15,16,28,178,0,49,5,12,4,6,52,4,6,43,4,1,3,0,0,44,0,3,111,2,57,0,24,46,3,135,1,1,0,7,6,0,0,0,1,0,11,19,49,1,4,3,29,2,5,24,0,0,117,2,0,0,15,0,0,7,1,2,88,11,1,18,0,2,0,2,62,59,33,0,3,0,26,107,0,6,3,1,15,1,21,10,5,38,0,2,0,102,42,0,54,2,2,15,0,8,60,1,9,73,1,0,5,4,10,17,2,9,1,7,60
Georgia,447,280,4,30,61,60,0,2,12,170,26,19,5,5,63,1,7,14,13,0,0,3,38,6,4,1,1,Summer,8.275167785234899,9.627030606650289,3,13,25,1,6,43,9,3,4,0,68,0,0,16,43,1,57,82,0,17,15,2,1,15,7,21,0,66,52,1,11,16,21,0,2,2,75,2,7,28,108,0,154,0,12,0,15,16,126,181,0,38,67,16,4,6,82,5,11,42,12,1,24,1,0,49,0,3,43,2,18,0,27,31,3,64,1,1,0,14,6,0,0,0,1,0,101,17,49,2,4,3,31,2,5,138,0,0,112,1,0,0,6,0,0,21,6,29,75,10,8,23,0,13,0,3,65,105,38,0,37,0,25,42,1,23,6,1,3,1,27,19,5,39,0,25,0,27,25,0,41,10,1,16,0,34,180,2,14,22,1,0,5,4,98,18,2,10,1,7,141
Georgia,447,280,4,30,61,60,0,2,12,170,26,19,5,5,63,1,7,14,13,0,0,3,38,6,4,1,1,Winter,4.599552572706935,6.729114826367964,3,11,5,1,1,58,3,2,3,0,69,0,0,15,49,1,0,3,0,15,52,0,1,14,6,56,0,0,56,1,29,11,20,0,1,1,56,0,7,78,7,0,6,0,23,0,12,13,4,156,0,18,3,23,4,5,23,5,4,38,9,2,3,0,1,39,0,3,88,1,32,0,25,18,3,70,1,1,0,9,7,0,0,1,2,0,1,17,42,1,4,3,21,1,4,1,0,0,39,3,0,1,5,1,0,2,1,1,15,15,3,16,0,1,1,3,62,20,31,0,5,0,23,49,1,1,0,1,20,1,21,4,5,38,0,0,0,67,42,0,2,8,2,12,0,0,10,0,14,63,0,2,5,6,1,16,2,11,11,6,5
Idaho,216,137,4,30,13,31,2,3,5,92,13,13,4,4,63,2,14,6,14,1,1,2,43,6,6,2,2,Fall,8.773148148148149,10.168323878997098,0,2,32,1,4,31,3,0,1,3,42,0,1,3,54,1,8,3,0,10,32,0,7,3,2,44,0,11,60,0,23,17,15,0,0,0,48,3,3,24,32,1,42,0,9,0,7,5,35,69,0,8,0,10,5,1,46,3,1,20,8,0,13,0,2,21,0,4,49,0,19,0,33,30,2,57,1,0,0,0,2,0,0,0,1,0,17,15,21,0,5,0,6,4,2,9,0,0,62,1,0,0,18,0,0,9,1,19,18,0,0,7,0,16,0,3,30,54,15,5,54,0,14,35,1,22,4,0,14,1,21,20,2,13,2,6,2,46,16,0,12,5,0,4,2,27,57,0,19,29,0,2,4,3,14,6,1,16,5,7,45
Idaho,216,137,4,30,13,31,2,3,5,92,13,13,4,4,63,2,14,6,14,1,1,2,43,6,6,2,2,Spring,4.962962962962963,5.9069150267720625,0,2,1,1,1,40,17,0,0,1,32,0,1,3,26,1,1,0,0,7,20,0,2,3,2,17,0,1,28,0,14,1,14,0,2,0,32,0,1,14,2,0,10,1,3,0,6,5,4,67,0,35,0,5,5,1,16,1,0,14,1,0,0,0,0,14,0,3,38,0,13,0,24,9,1,59,1,0,0,0,2,0,0,0,0,0,2,15,19,0,5,0,7,0,2,0,0,0,38,0,0,0,4,0,0,0,0,0,35,0,0,6,0,0,0,1,21,4,11,0,1,0,14,47,0,4,24,0,1,1,17,3,1,12,1,0,2,54,7,0,11,0,0,3,1,0,9,0,3,19,0,2,3,0,2,5,0,16,0,7,7
Idaho,216,137,4,30,13,31,2,3,5,92,13,13,4,4,63,2,14,6,14,1,1,2,43,6,6,2,2,Summer,9.143518518518519,10.480225216363529,0,3,10,10,6,35,7,0,1,2,31,0,1,3,57,1,15,11,1,10,39,0,3,3,2,43,0,25,61,0,31,17,15,0,14,0,44,1,2,20,42,0,72,6,10,0,7,6,51,73,0,20,0,6,5,1,43,2,0,18,1,0,5,0,0,20,0,4,50,0,25,0,25,23,2,60,1,1,0,0,2,0,0,0,1,1,29,15,21,0,5,0,7,6,2,11,0,0,64,0,0,0,6,0,0,15,1,17,36,0,0,8,0,16,0,1,24,45,13,3,8,0,15,36,0,41,18,0,5,1,19,13,1,12,2,10,2,39,10,0,24,0,0,3,1,31,72,0,7,25,0,2,4,0,24,5,1,15,0,7,70
Idaho,216,137,4,30,13,31,2,3,5,92,13,13,4,4,63,2,14,6,14,1,1,2,43,6,6,2,2,Winter,2.560185185185185,3.679748217241382,0,2,1,1,0,8,1,1,0,1,33,1,1,3,5,1,1,1,0,7,2,0,0,3,2,0,0,0,13,0,1,1,12,0,1,0,19,0,1,4,2,0,3,0,0,0,5,3,2,55,0,5,0,5,5,1,12,1,1,12,0,0,0,0,0,12,0,4,11,0,0,0,24,3,2,13,2,0,0,0,2,0,0,0,1,0,0,15,17,0,5,0,5,0,2,0,1,0,11,0,0,1,5,0,0,1,0,1,2,0,0,9,0,0,0,1,19,9,11,0,5,0,13,3,0,1,0,0,1,1,13,3,2,11,1,0,2,11,5,0,1,3,0,4,1,0,6,0,1,3,0,2,3,0,0,5,0,15,3,6,0
Illinois,471,292,5,31,21,77,1,2,11,169,29,31,3,2,62,1,7,4,16,0,0,2,36,6,7,1,0,Fall,10.653927813163483,11.70366284122885,0,12,69,3,4,91,6,0,0,3,98,0,3,19,137,1,17,6,1,23,124,1,10,4,1,131,0,34,139,1,86,44,7,0,3,1,112,14,7,84,75,5,98,3,40,0,19,10,85,178,0,29,2,24,9,7,123,5,15,32,45,0,14,0,4,71,0,4,149,2,86,0,44,96,2,159,2,7,0,14,3,0,0,0,1,0,51,22,27,0,3,2,24,1,7,51,0,0,151,1,0,0,45,1,0,6,1,33,61,8,11,24,0,7,0,27,83,153,36,0,150,1,18,134,0,33,8,0,45,4,32,40,5,35,2,25,1,129,104,0,10,19,1,21,2,44,151,1,52,117,2,1,6,15,44,25,2,16,9,2,118
Illinois,471,292,5,31,21,77,1,2,11,169,29,31,3,2,62,1,7,4,16,0,0,2,36,6,7,1,0,Spring,6.768577494692145,7.552620363499811,0,12,2,0,3,100,98,0,0,3,91,0,2,15,100,1,7,12,0,22,91,1,2,4,1,86,0,4,84,1,45,11,9,0,9,0,101,1,6,53,23,0,34,6,16,0,13,7,9,177,0,75,0,17,9,7,42,4,1,28,5,0,1,0,0,58,0,4,119,0,69,0,29,22,2,162,2,6,0,2,3,0,0,0,1,0,6,25,28,0,3,1,17,1,7,6,0,0,133,1,0,0,3,0,0,2,0,1,118,3,0,16,0,2,0,10,72,25,24,0,0,0,15,150,0,12,52,0,9,3,21,9,5,32,1,6,1,141,15,0,51,2,1,15,1,4,24,2,20,70,2,0,5,3,5,22,2,18,0,4,31
Illinois,471,292,5,31,21,77,1,2,11,169,29,31,3,2,62,1,7,4,16,0,0,2,36,6,7,1,0,Summer,10.963906581740977,11.837767401270122,0,12,36,10,6,65,21,1,1,2,89,0,2,15,143,1,59,40,1,24,95,1,6,4,1,104,0,79,135,1,65,49,9,0,27,1,110,3,7,71,133,1,199,14,18,0,19,6,152,182,0,44,3,17,9,7,140,4,3,29,15,1,25,0,3,72,0,4,133,3,84,0,33,92,3,129,3,6,0,5,3,0,0,0,1,0,120,20,30,0,3,2,18,10,8,89,0,0,176,1,0,0,17,0,1,38,1,35,74,4,1,24,0,27,0,16,79,152,33,0,25,1,18,87,0,51,36,0,14,5,24,45,5,33,1,31,1,56,30,0,64,7,1,18,3,82,211,2,24,67,2,0,6,3,108,21,2,15,0,3,192
Illinois,471,292,5,31,21,77,1,2,11,169,29,31,3,2,62,1,7,4,16,0,0,2,36,6,7,1,0,Winter,3.150743099787686,5.114912956542936,0,12,10,0,0,21,2,0,0,2,82,0,2,13,21,1,2,3,0,18,8,0,2,3,1,20,0,0,32,1,5,5,5,0,1,1,75,2,5,17,20,0,5,0,9,0,13,7,3,145,0,8,0,20,8,8,28,5,3,22,6,1,1,0,0,44,0,3,38,0,9,0,34,13,2,35,2,6,0,4,3,0,0,0,1,0,1,19,20,0,3,1,11,0,6,1,0,0,27,1,0,0,13,0,0,0,0,2,4,4,0,18,0,0,0,12,73,25,24,0,11,0,14,18,0,1,1,0,9,2,17,8,5,28,1,5,1,37,20,0,4,8,1,17,1,2,7,1,22,27,1,1,5,7,0,19,3,16,15,2,4
Indiana,390,271,5,19,24,57,0,0,8,168,33,19,2,2,69,1,5,6,15,0,0,2,43,8,5,1,1,Fall,11.325641025641026,12.484400918648094,2,12,53,0,6,82,3,0,1,4,97,1,0,9,103,8,14,10,1,24,95,6,3,12,5,106,0,26,116,0,63,47,17,0,1,2,93,13,14,61,65,0,92,0,49,1,16,5,70,178,0,31,7,19,9,7,91,10,8,39,43,1,10,0,2,60,0,10,120,3,67,1,48,63,2,133,2,2,0,19,2,0,0,0,1,1,48,29,22,0,2,6,15,1,8,53,1,0,122,1,0,0,34,2,1,14,6,30,48,2,22,26,1,6,0,26,84,111,40,1,121,1,26,114,2,26,7,3,33,4,37,32,5,37,5,24,6,118,65,0,18,26,1,20,2,36,121,1,52,106,1,3,7,17,40,17,1,9,8,8,98
Indiana,390,271,5,19,24,57,0,0,8,168,33,19,2,2,69,1,5,6,15,0,0,2,43,8,5,1,1,Spring,7.88974358974359,8.263690669527907,2,12,3,0,1,89,66,0,1,3,92,1,0,9,93,8,6,8,0,22,89,4,2,12,5,82,0,2,83,0,45,15,17,0,7,0,83,3,13,53,20,0,42,2,23,1,15,4,8,173,1,78,1,12,9,6,30,5,1,35,9,0,1,0,0,44,0,10,103,0,57,0,41,21,2,139,2,2,0,5,2,0,0,0,0,0,6,28,23,0,2,6,21,0,6,6,1,0,115,1,0,0,4,0,0,1,2,0,102,0,1,20,1,1,0,9,70,26,34,0,1,0,24,122,1,13,41,3,4,1,39,4,6,36,5,4,4,124,25,0,59,7,0,19,0,1,34,1,20,74,1,3,6,3,4,16,1,11,0,8,31
Indiana,390,271,5,19,24,57,0,0,8,168,33,19,2,2,69,1,5,6,15,0,0,2,43,8,5,1,1,Summer,11.566666666666666,11.960707593423972,4,12,35,5,6,42,9,0,1,4,93,1,0,10,106,8,70,52,3,24,63,7,3,12,5,87,0,66,107,0,40,48,17,0,20,0,92,6,14,47,116,0,173,9,22,1,16,5,115,177,1,51,6,14,9,6,96,6,6,33,15,1,17,0,3,59,0,9,92,1,64,0,42,57,2,106,2,2,0,11,2,0,0,0,0,1,105,25,24,1,2,6,17,8,8,97,1,0,142,1,0,1,11,2,0,41,4,23,45,0,6,27,1,13,0,12,76,108,41,0,26,1,25,80,1,58,22,4,7,3,35,33,6,38,5,25,5,46,30,0,61,8,1,21,1,62,188,2,27,60,1,2,7,5,95,19,2,10,1,8,165
Indiana,390,271,5,19,24,57,0,0,8,168,33,19,2,2,69,1,5,6,15,0,0,2,43,8,5,1,1,Winter,4.156410256410257,5.84932025896389,2,12,5,0,1,39,0,0,1,3,87,1,0,8,29,8,3,5,0,22,9,3,0,12,5,12,0,0,39,0,3,5,16,0,0,0,59,6,12,12,15,0,3,0,12,1,14,2,0,147,0,12,1,12,8,6,31,5,2,29,14,0,0,0,1,39,0,9,47,0,11,0,36,14,2,56,2,2,0,6,2,0,0,0,1,0,0,23,21,0,2,5,5,0,4,0,1,0,30,1,0,0,16,0,0,0,3,1,2,0,1,17,1,0,0,8,70,25,32,0,8,0,22,36,2,2,1,3,9,1,33,6,5,33,4,4,4,52,18,0,2,10,0,18,1,0,3,1,23,31,1,3,6,5,0,16,1,8,11,8,1
Iowa,245,134,3,27,14,37,1,2,6,75,16,19,2,0,55,1,11,6,15,0,1,2,31,7,8,1,0,Fall,10.363265306122448,11.768718850938658,0,5,37,2,1,45,3,0,0,3,53,0,0,8,61,1,5,5,1,13,55,3,3,4,0,63,0,22,73,0,37,23,8,0,3,3,54,4,2,34,34,1,52,1,31,0,12,5,42,88,1,9,1,7,2,1,64,10,7,20,29,0,9,0,3,32,0,5,73,0,42,0,27,36,0,71,0,3,1,3,0,0,0,0,0,0,36,5,11,1,3,0,7,2,6,21,0,0,80,0,0,0,26,0,1,8,0,12,27,0,2,11,0,7,0,9,42,83,26,0,88,0,9,71,1,26,8,0,22,5,17,30,1,16,0,12,0,69,49,0,11,8,0,7,2,17,85,0,29,50,0,0,4,6,33,8,1,9,5,2,56
Iowa,245,134,3,27,14,37,1,2,6,75,16,19,2,0,55,1,11,6,15,0,1,2,31,7,8,1,0,Spring,6.669387755102041,7.1386216950884265,0,5,0,0,0,51,58,0,0,2,45,0,0,6,60,1,2,1,0,11,44,1,0,3,0,41,0,0,48,0,17,4,7,0,4,0,46,0,1,19,10,0,22,1,12,0,8,4,4,88,1,38,0,5,1,1,24,5,0,17,4,0,0,0,0,19,0,5,65,0,40,0,20,6,0,85,0,3,0,1,0,0,0,0,0,0,0,6,10,0,4,0,8,0,4,2,0,0,75,0,0,0,3,0,0,0,0,0,67,0,0,7,0,0,0,4,39,12,20,0,2,0,9,83,0,8,46,0,1,4,11,3,0,13,0,5,0,80,9,0,32,1,0,6,0,1,12,0,8,36,0,0,3,1,0,7,1,9,0,2,14
Iowa,245,134,3,27,14,37,1,2,6,75,16,19,2,0,55,1,11,6,15,0,1,2,31,7,8,1,0,Summer,10.616326530612245,11.442288313976094,0,5,22,8,3,30,8,0,0,4,51,0,0,6,78,1,26,20,1,14,62,3,2,4,0,72,0,39,80,0,43,16,8,0,14,0,56,0,2,35,62,0,102,4,13,0,9,4,79,87,1,11,0,5,1,1,69,5,4,18,6,0,7,0,2,29,0,5,70,0,54,0,20,30,0,61,0,3,1,2,0,0,0,0,0,1,56,6,10,2,3,0,6,3,7,50,0,0,96,0,0,0,7,0,2,12,0,16,34,0,1,10,0,14,0,7,38,84,22,0,14,0,9,42,0,31,16,0,9,4,10,23,0,14,0,20,0,28,21,0,32,3,0,6,2,29,107,0,11,33,0,0,3,1,53,9,1,8,0,2,95
Iowa,245,134,3,27,14,37,1,2,6,75,16,19,2,0,55,1,11,6,15,0,1,2,31,7,8,1,0,Winter,2.7224489795918365,4.34341716468078,0,4,4,0,0,9,1,0,0,2,46,0,0,6,6,1,0,1,0,11,5,2,0,2,0,5,0,0,10,0,1,1,4,0,0,0,30,0,1,4,7,0,1,0,5,0,6,3,0,70,1,4,0,9,1,1,19,5,0,14,6,0,0,0,0,19,0,5,11,0,3,0,22,4,0,16,0,3,0,1,0,0,0,0,0,0,1,4,9,0,3,0,4,0,3,0,0,0,14,0,0,0,2,0,0,0,0,1,2,0,0,8,0,0,0,5,38,13,19,0,5,0,9,11,0,0,0,0,0,3,12,4,1,15,0,2,0,16,7,0,2,3,0,7,0,1,3,0,8,5,0,0,3,4,1,6,1,9,8,2,1
Kansas,177,119,1,11,13,24,1,0,9,87,21,12,3,2,67,1,6,7,14,1,0,5,49,12,7,2,1,Fall,8.03954802259887,9.893387129060745,0,4,21,1,2,20,1,0,0,1,54,0,0,8,23,3,4,3,0,19,17,1,1,5,3,17,1,12,29,0,14,5,14,0,0,4,56,3,3,13,16,0,21,0,15,0,9,2,18,88,1,8,0,8,5,4,22,4,3,14,11,0,3,0,0,30,0,4,28,0,11,0,18,12,1,36,1,2,0,7,2,0,0,0,0,0,21,4,21,0,1,1,8,0,1,21,0,0,33,0,0,0,5,0,1,4,0,12,12,5,4,11,0,0,0,6,41,39,22,0,33,0,16,32,0,2,3,1,4,3,12,7,1,24,0,7,0,34,18,0,3,5,0,4,1,6,45,0,19,23,0,2,3,5,16,10,0,5,1,9,30
Kansas,177,119,1,11,13,24,1,0,9,87,21,12,3,2,67,1,6,7,14,1,0,5,49,12,7,2,1,Spring,6.536723163841808,7.684847583599402,0,4,1,3,1,25,28,0,0,1,45,0,0,6,26,3,3,3,0,17,24,1,1,5,3,27,0,1,24,0,16,5,14,0,4,0,53,2,3,13,9,0,14,1,6,0,6,2,4,90,1,18,0,6,4,2,15,1,2,12,3,0,0,0,0,23,0,4,28,0,17,0,13,8,1,43,1,2,0,1,2,0,0,0,0,0,4,4,21,0,1,1,8,0,1,3,0,0,37,0,0,0,2,0,0,1,0,0,32,0,0,6,0,2,0,2,35,18,20,0,2,0,15,39,0,1,12,1,2,2,7,4,1,21,0,4,0,40,9,0,12,2,0,3,0,1,9,0,2,22,0,2,2,0,3,11,0,6,1,9,13
Kansas,177,119,1,11,13,24,1,0,9,87,21,12,3,2,67,1,6,7,14,1,0,5,49,12,7,2,1,Summer,8.101694915254237,9.3863323906254,0,4,11,7,3,9,3,0,0,1,45,0,0,7,21,3,30,10,0,16,12,1,1,5,3,19,1,21,27,0,10,4,14,0,10,0,54,2,3,11,34,0,52,1,2,0,8,3,36,89,1,11,1,6,4,2,27,3,3,13,5,0,6,0,0,27,0,4,16,0,10,0,12,13,1,12,1,2,0,5,2,0,0,0,0,0,31,4,21,0,1,1,7,2,1,45,0,0,44,0,0,0,3,0,0,18,0,6,10,0,1,8,0,7,0,3,36,35,20,0,8,0,14,12,0,8,13,1,1,2,9,8,1,21,0,9,0,12,7,0,13,2,0,4,1,12,67,0,3,11,0,2,2,1,27,12,0,6,1,9,51
Kansas,177,119,1,11,13,24,1,0,9,87,21,12,3,2,67,1,6,7,14,1,0,5,49,12,7,2,1,Winter,3.468926553672316,5.197289009253897,0,4,0,0,1,4,1,0,0,1,45,0,0,6,5,3,0,0,0,16,3,0,1,5,3,5,0,1,7,0,3,3,10,0,0,1,36,2,3,4,6,0,1,0,4,0,7,2,1,70,1,2,0,8,4,2,4,3,1,11,4,0,0,0,0,19,0,5,9,0,2,0,15,4,1,9,1,2,0,1,2,0,0,0,0,0,1,3,19,0,1,1,4,0,1,1,0,0,6,0,0,0,1,0,0,0,0,0,2,2,0,7,0,0,0,2,34,7,17,0,3,0,13,9,0,0,0,1,1,2,8,3,2,19,0,4,0,12,3,0,0,4,0,2,0,1,1,0,6,6,0,2,2,0,1,9,0,4,4,8,1
Kentucky,283,187,19,24,14,45,2,0,9,137,25,24,3,3,66,7,8,5,16,1,0,3,48,9,8,1,1,Fall,10.992932862190813,11.821663289406471,0,8,37,1,2,50,1,0,1,5,73,0,1,5,79,0,7,5,0,25,79,3,2,8,4,86,0,17,79,0,55,28,12,0,1,3,72,3,3,65,48,0,47,2,21,0,15,6,41,114,0,18,3,16,9,2,50,8,14,23,41,0,7,0,0,35,0,1,92,2,42,0,36,36,1,98,1,2,0,13,6,0,0,0,0,0,33,6,17,4,2,3,24,0,6,35,0,0,91,2,0,0,23,0,1,11,4,26,37,3,13,24,0,2,0,17,58,104,35,0,100,1,15,77,0,5,0,0,13,5,33,16,4,28,1,11,3,91,53,0,7,15,0,14,2,16,89,0,32,76,2,1,2,16,31,11,1,20,5,8,56
Kentucky,283,187,19,24,14,45,2,0,9,137,25,24,3,3,66,7,8,5,16,1,0,3,48,9,8,1,1,Spring,8.409893992932862,8.432975694660625,0,9,2,0,0,62,58,0,1,4,67,0,1,2,82,0,8,10,0,23,78,3,0,7,4,81,0,3,74,0,43,15,11,0,4,0,62,1,3,51,19,0,33,2,9,0,9,5,7,111,0,52,0,13,9,1,24,4,1,19,5,0,2,0,0,26,0,2,94,0,31,0,27,23,0,120,0,3,0,2,5,0,0,0,0,0,7,8,16,2,2,2,20,0,5,3,0,0,95,1,0,0,5,0,0,4,1,1,94,0,1,17,0,1,0,7,52,26,27,0,3,0,12,94,1,5,17,0,1,3,27,5,4,27,1,3,2,95,19,0,63,2,0,13,1,2,28,0,9,43,2,0,2,5,6,9,0,19,0,6,27
Kentucky,283,187,19,24,14,45,2,0,9,137,25,24,3,3,66,7,8,5,16,1,0,3,48,9,8,1,1,Summer,10.522968197879859,10.216903096783094,0,8,19,0,4,20,1,0,1,4,64,0,1,3,62,0,65,35,1,26,20,3,1,8,5,49,0,59,65,0,13,20,10,0,9,1,74,2,3,30,102,0,118,5,8,0,10,5,95,115,0,22,3,12,9,2,70,4,5,20,13,0,13,0,1,36,0,2,49,2,19,0,31,19,0,54,1,2,0,6,6,0,0,0,0,1,93,7,17,5,2,2,22,0,5,88,0,0,102,1,0,0,3,1,1,28,3,19,19,1,4,26,0,7,0,15,55,108,39,0,10,0,13,45,0,27,11,0,2,4,25,20,4,28,1,22,2,17,17,0,34,4,0,14,1,41,134,0,13,10,2,0,2,6,91,10,0,17,1,7,124
Kentucky,283,187,19,24,14,45,2,0,9,137,25,24,3,3,66,7,8,5,16,1,0,3,48,9,8,1,1,Winter,3.706713780918728,5.72559800333575,0,9,2,0,0,18,0,0,1,4,61,0,1,2,14,0,1,2,0,19,11,3,0,4,3,14,0,0,19,0,7,2,6,0,0,0,50,1,4,17,10,0,0,0,7,0,5,4,0,84,0,5,0,16,8,2,16,5,5,15,11,0,0,0,0,14,0,2,38,0,8,1,27,8,0,32,0,2,0,5,5,0,0,0,0,0,1,6,11,2,2,2,6,0,5,0,0,0,22,2,0,0,10,0,0,1,1,1,1,0,1,12,0,0,0,8,49,22,23,0,6,0,7,16,0,0,0,0,4,3,23,3,4,26,0,1,2,31,17,0,2,6,0,12,0,0,1,0,13,22,2,1,1,5,1,10,0,17,9,5,1
Louisiana,83,52,1,4,7,11,2,0,2,25,9,3,0,0,63,1,5,8,13,2,0,2,30,11,4,0,0,Fall,8.674698795180722,11.05872179106029,0,0,6,1,1,14,2,1,3,0,9,0,0,1,15,0,2,1,0,2,16,1,0,2,1,18,0,5,15,0,14,7,1,0,0,0,8,0,0,16,4,0,15,0,3,0,2,5,15,26,0,8,10,8,0,2,9,2,3,2,5,3,2,0,0,8,0,2,20,0,7,3,8,7,6,24,2,0,0,4,1,0,0,2,1,0,9,4,2,0,0,2,3,0,0,18,0,0,18,5,0,1,6,0,0,0,1,3,12,10,8,7,0,0,0,0,8,19,10,0,18,1,6,16,0,0,0,0,5,0,10,7,2,3,0,3,0,14,11,0,6,2,5,4,0,3,20,1,2,20,0,0,1,1,8,3,2,3,0,1,15
Louisiana,83,52,1,4,7,11,2,0,2,25,9,3,0,0,63,1,5,8,13,2,0,2,30,11,4,0,0,Spring,7.433734939759036,8.720864763403295,0,1,0,0,0,14,1,0,0,0,10,0,0,1,18,0,12,10,0,2,12,1,0,2,1,12,0,5,20,0,9,4,1,0,0,0,8,0,0,14,6,0,25,0,4,0,2,5,15,26,0,13,4,1,0,2,8,1,3,2,3,2,1,0,0,8,0,1,18,0,8,1,7,8,2,22,1,0,0,3,0,0,0,0,0,0,5,4,2,0,0,0,1,1,0,8,0,0,20,0,0,0,2,0,0,2,0,1,17,4,0,7,0,1,0,0,8,14,9,0,1,0,6,16,0,1,0,0,0,0,3,7,1,3,0,2,0,15,10,0,9,0,1,3,0,3,22,0,1,15,0,0,1,0,3,3,1,5,0,1,18
Louisiana,83,52,1,4,7,11,2,0,2,25,9,3,0,0,63,1,5,8,13,2,0,2,30,11,4,0,0,Summer,7.590361445783133,9.206355366596295,0,0,4,0,1,4,1,1,1,0,9,0,0,1,6,0,9,16,0,2,4,1,0,2,1,4,0,13,8,0,1,2,1,0,0,0,8,0,0,2,13,0,33,0,2,0,2,4,29,27,0,9,18,1,0,2,11,1,3,2,4,0,5,0,0,10,0,1,6,1,3,0,7,4,1,9,1,0,0,3,0,0,0,0,0,0,19,3,2,0,0,0,2,1,0,27,0,0,18,2,0,1,1,1,0,5,3,4,13,4,3,9,0,5,0,0,8,15,10,0,4,1,6,7,0,2,0,0,2,0,6,3,2,3,0,7,0,6,6,0,4,1,2,4,0,5,30,1,1,3,0,0,1,1,19,3,2,3,0,1,24
Louisiana,83,52,1,4,7,11,2,0,2,25,9,3,0,0,63,1,5,8,13,2,0,2,30,11,4,0,0,Winter,4.807228915662651,6.978115321987633,0,0,0,0,0,10,0,0,1,0,7,0,0,1,12,0,0,0,0,2,12,1,0,1,1,13,0,0,10,0,9,4,1,0,0,0,7,1,0,13,1,0,2,0,4,0,2,4,1,24,0,4,2,5,0,2,4,2,3,2,3,4,0,0,0,6,0,2,17,0,4,4,6,7,5,17,0,0,0,2,1,0,0,1,0,0,0,3,2,0,0,0,1,0,0,0,0,0,13,1,0,0,2,0,0,0,0,0,2,4,0,5,0,0,0,0,8,7,8,0,1,0,6,12,0,0,0,0,1,0,2,2,1,3,0,0,0,14,7,0,5,1,2,3,0,0,5,1,2,14,0,0,1,0,0,3,2,3,2,1,2
Maine,233,132,2,49,11,35,1,2,5,79,21,12,2,0,57,1,21,5,15,0,1,2,34,9,5,1,0,Fall,12.622317596566523,12.664906024349103,0,8,32,1,0,55,0,1,0,0,42,0,2,4,77,2,4,11,0,17,72,3,5,16,6,84,0,8,96,0,58,29,29,0,2,1,50,17,10,37,27,9,52,1,30,1,13,3,38,107,0,13,0,15,5,3,77,4,12,28,17,0,11,0,1,31,0,2,84,0,41,0,30,63,1,82,0,3,0,2,4,0,0,0,0,0,17,8,29,0,2,1,15,2,3,8,0,0,89,0,0,0,47,0,0,9,0,16,39,0,0,30,0,7,0,0,55,80,32,2,84,0,13,75,0,20,3,0,46,1,10,38,7,30,6,10,1,74,63,0,2,11,0,19,0,26,79,0,33,67,1,0,14,2,12,4,1,20,12,22,55
Maine,233,132,2,49,11,35,1,2,5,79,21,12,2,0,57,1,21,5,15,0,1,2,34,9,5,1,0,Spring,6.948497854077253,7.209124359236358,0,8,1,1,2,63,30,1,0,0,36,0,2,4,44,2,0,5,0,15,32,0,4,14,6,23,0,0,35,0,9,4,28,0,1,0,40,3,9,22,4,0,12,0,5,1,9,2,4,104,0,31,0,10,5,1,20,2,1,26,2,0,2,0,0,23,0,2,58,0,27,0,20,13,1,79,1,3,0,0,4,0,0,0,0,0,0,8,29,0,2,1,9,1,2,1,0,0,48,0,0,0,23,0,0,1,0,0,55,0,0,22,0,1,0,0,46,12,27,0,1,0,9,72,0,3,33,0,5,1,6,4,7,27,5,2,1,75,9,0,14,2,0,16,1,1,9,0,5,41,1,0,11,0,0,2,1,20,0,22,9
Maine,233,132,2,49,11,35,1,2,5,79,21,12,2,0,57,1,21,5,15,0,1,2,34,9,5,1,0,Summer,12.811158798283262,12.642922748880386,0,8,23,3,8,59,4,1,0,0,39,0,2,4,90,2,20,57,1,17,68,2,6,16,6,73,0,24,95,0,51,35,28,0,6,0,51,7,10,38,53,2,102,2,15,1,12,3,71,109,0,18,0,11,5,2,62,2,5,27,6,0,7,0,0,29,0,2,80,0,40,0,25,47,1,93,1,3,0,0,4,0,0,0,0,0,41,6,30,0,2,1,12,2,3,14,0,0,93,0,0,0,19,0,0,12,1,7,72,0,1,26,0,10,0,0,47,71,30,1,17,2,13,72,0,40,29,0,15,1,9,15,7,29,5,13,1,48,20,0,42,6,0,19,1,35,106,0,9,39,1,0,11,0,35,3,1,19,2,22,103
Maine,233,132,2,49,11,35,1,2,5,79,21,12,2,0,57,1,21,5,15,0,1,2,34,9,5,1,0,Winter,4.377682403433476,6.126807948685593,0,8,6,0,0,18,0,0,0,0,36,0,2,4,18,2,0,4,0,15,3,0,2,14,5,16,0,0,30,0,1,1,19,0,0,0,35,7,7,6,2,0,1,0,12,1,8,1,1,78,0,6,0,13,5,1,29,3,1,18,5,0,0,0,0,21,0,2,22,0,9,0,23,17,1,22,1,3,0,1,4,0,0,0,0,0,0,6,20,0,2,1,4,0,1,0,0,0,23,0,0,0,23,0,0,0,0,1,1,0,0,19,0,0,0,0,45,20,24,0,11,0,11,16,0,0,1,0,9,1,4,16,7,24,4,2,1,23,12,0,0,2,0,16,0,0,2,0,9,15,1,0,13,1,0,1,1,21,18,17,1
Maryland,311,201,8,27,22,83,2,4,9,143,35,18,2,3,65,3,9,7,27,1,1,3,46,11,6,1,1,Fall,12.170418006430868,12.583138723994407,2,11,44,1,6,90,6,1,3,6,82,0,0,6,100,2,11,4,0,21,98,2,3,15,4,104,0,10,100,0,77,40,27,0,1,1,77,21,8,92,38,2,47,0,60,2,15,5,64,138,1,25,10,14,5,2,67,5,22,30,31,1,12,0,1,59,0,9,124,2,58,1,47,50,2,122,2,4,0,6,0,0,0,0,1,0,25,13,15,3,3,3,23,3,3,25,1,0,98,1,0,0,39,0,2,10,2,28,39,2,6,17,2,6,0,7,67,113,34,1,100,2,17,109,1,22,6,1,31,4,16,20,9,20,6,16,2,113,65,1,10,31,0,12,0,15,101,2,48,100,3,0,6,13,16,12,6,21,7,11,59
Maryland,311,201,8,27,22,83,2,4,9,143,35,18,2,3,65,3,9,7,27,1,1,3,46,11,6,1,1,Spring,8.94855305466238,9.371056477927059,2,11,6,4,1,94,61,1,3,3,75,0,0,6,97,2,8,12,0,19,76,1,4,15,4,72,0,1,83,0,38,16,27,0,14,0,65,9,8,68,11,0,31,0,18,2,10,6,8,136,1,53,4,7,5,2,41,1,4,26,5,1,1,0,1,50,0,9,109,1,57,0,42,22,2,135,2,4,0,2,0,0,0,0,1,0,4,16,16,0,3,2,21,1,2,4,1,0,111,1,0,0,5,0,0,5,2,1,97,1,0,13,2,3,0,1,58,27,29,1,0,1,16,114,1,12,26,0,3,1,14,6,8,20,5,5,1,104,22,1,74,4,0,12,0,1,22,1,4,72,3,0,6,3,3,10,6,22,2,11,24
Maryland,311,201,8,27,22,83,2,4,9,143,35,18,2,3,65,3,9,7,27,1,1,3,46,11,6,1,1,Summer,11.643086816720258,11.71701033054025,2,11,22,4,7,40,5,1,3,6,74,0,0,7,91,2,62,54,0,21,28,2,4,15,4,43,0,70,86,0,20,29,27,0,18,0,78,9,8,41,81,0,143,6,12,2,11,5,123,141,1,28,15,9,5,3,96,2,12,27,11,1,14,0,1,61,1,9,58,2,22,0,42,35,3,81,2,4,0,4,0,0,0,0,1,0,100,14,15,2,3,3,15,15,3,80,1,0,122,1,0,0,14,0,1,40,2,21,22,1,1,16,2,24,0,1,61,112,32,2,17,2,17,52,1,51,14,0,6,2,12,26,8,20,6,24,1,23,23,1,43,2,0,11,0,55,156,2,7,40,3,0,6,6,97,14,6,21,2,11,139
Maryland,311,201,8,27,22,83,2,4,9,143,35,18,2,3,65,3,9,7,27,1,1,3,46,11,6,1,1,Winter,4.588424437299035,7.811347892437721,2,11,8,1,0,33,2,1,2,3,74,0,0,5,29,1,1,1,0,16,12,1,1,14,4,22,0,0,29,0,12,9,24,0,1,0,45,9,7,28,10,1,2,0,13,2,10,4,2,112,1,8,1,11,5,1,19,3,4,24,6,3,2,0,1,41,0,7,44,1,8,0,41,9,2,44,2,4,0,5,0,0,0,0,1,0,1,12,15,0,3,2,8,1,2,0,1,0,29,3,0,0,15,0,0,1,1,3,1,2,1,12,2,0,0,3,55,31,25,1,8,1,13,34,1,0,0,1,10,1,13,5,8,19,5,3,1,40,22,1,4,12,1,12,0,0,3,1,9,32,2,0,5,3,0,10,6,19,18,10,2
Massachusetts,368,232,6,49,22,77,1,2,13,121,32,21,5,6,63,2,13,6,21,0,1,4,33,9,6,1,2,Fall,15.190217391304348,13.443258977707492,3,14,74,1,5,141,1,0,0,4,78,0,2,12,170,0,5,17,0,27,154,2,5,9,2,159,1,19,177,0,105,78,25,0,1,2,73,27,14,122,79,17,90,0,77,0,16,0,111,151,0,28,1,32,5,3,129,7,24,32,48,0,21,0,0,90,0,2,184,0,93,0,40,149,0,182,0,8,0,3,4,0,0,0,0,0,43,21,23,0,3,0,20,9,1,22,0,0,164,0,0,0,95,0,0,25,3,40,36,1,0,33,0,13,0,20,74,158,43,1,158,5,10,154,0,45,7,0,84,3,20,71,9,36,10,16,0,149,131,0,11,20,0,23,1,51,148,0,45,148,4,0,12,3,37,14,4,34,14,9,101
Massachusetts,368,232,6,49,22,77,1,2,13,121,32,21,5,6,63,2,13,6,21,0,1,4,33,9,6,1,2,Spring,7.899456521739131,7.6879324191188285,3,14,4,0,1,141,53,0,0,0,70,0,2,8,105,0,0,4,0,23,86,0,3,6,1,70,1,1,89,0,24,9,22,0,2,0,54,5,13,51,4,0,32,0,11,0,12,2,7,143,0,80,0,19,3,2,26,6,2,27,0,0,0,0,0,63,0,2,123,0,64,0,33,9,0,167,0,8,0,1,4,0,0,0,0,0,1,25,20,0,3,0,15,0,0,0,0,0,118,0,0,0,16,0,0,0,2,0,133,1,0,20,0,0,0,2,57,18,31,0,2,0,7,145,0,3,55,0,6,1,16,7,8,32,8,0,0,148,12,0,60,5,0,18,1,2,19,0,10,81,4,0,8,1,0,7,4,34,0,8,18
Massachusetts,368,232,6,49,22,77,1,2,13,121,32,21,5,6,63,2,13,6,21,0,1,4,33,9,6,1,2,Summer,14.567934782608695,13.14665772533969,3,14,38,9,11,111,9,0,0,2,72,0,3,9,178,0,35,83,0,27,101,2,5,9,2,118,1,69,174,0,62,73,27,0,17,0,70,10,14,104,96,2,197,13,28,0,13,2,180,151,0,47,3,21,3,2,139,6,12,32,6,0,16,0,0,78,0,2,169,0,73,0,34,96,0,183,0,8,0,1,4,0,0,0,0,0,111,20,24,0,3,0,17,20,0,51,0,0,178,0,0,0,19,0,0,58,2,31,68,1,0,31,0,27,0,4,65,140,38,1,15,2,8,118,0,71,29,0,10,2,14,40,9,35,10,47,0,62,29,0,69,5,1,21,2,92,205,0,15,87,4,0,11,1,103,12,4,35,2,9,194
Massachusetts,368,232,6,49,22,77,1,2,13,121,32,21,5,6,63,2,13,6,21,0,1,4,33,9,6,1,2,Winter,4.404891304347826,6.879791359006929,3,16,11,0,0,41,0,1,0,0,73,0,2,9,45,0,0,1,0,15,8,1,0,6,1,38,1,0,48,0,6,4,18,0,0,0,49,9,7,18,14,2,0,0,21,0,10,1,0,115,0,8,0,23,3,2,36,6,3,24,2,1,0,0,0,53,0,1,52,0,21,0,32,27,0,43,0,7,0,0,3,0,0,0,0,0,0,14,17,0,3,0,8,0,1,0,0,0,47,1,0,0,32,0,0,1,2,2,3,1,0,16,0,0,0,11,60,47,21,0,14,1,7,33,0,0,0,0,30,1,11,22,10,27,5,0,0,45,19,0,0,5,1,15,0,0,3,0,19,41,4,0,7,1,0,8,2,31,23,7,1
Michigan,881,578,10,75,44,180,4,2,23,360,71,33,7,8,66,1,9,5,20,0,0,3,41,8,4,1,1,Fall,11.177071509648128,11.666501035623266,3,19,143,6,10,178,3,2,1,9,186,0,1,24,250,3,18,18,2,60,234,6,18,22,10,265,0,63,272,2,159,107,34,0,13,13,227,33,12,157,158,3,183,4,89,0,61,19,158,374,1,31,2,51,7,12,213,20,23,73,95,0,32,0,6,126,3,12,271,4,153,0,98,173,1,293,1,8,0,21,11,0,1,0,0,0,112,51,69,3,6,3,47,5,16,46,0,0,288,0,0,0,113,0,2,22,3,63,106,1,2,41,0,18,0,34,174,285,76,3,277,4,58,239,1,68,15,1,108,10,56,85,22,85,7,39,7,244,213,1,30,47,0,38,6,98,299,0,130,182,4,1,26,15,99,35,5,56,26,20,227
Michigan,881,578,10,75,44,180,4,2,23,360,71,33,7,8,66,1,9,5,20,0,0,3,41,8,4,1,1,Spring,6.385925085130533,6.64666572862046,2,19,5,3,0,197,132,1,1,5,155,0,0,22,182,3,7,7,0,52,107,2,12,21,10,83,0,1,136,2,35,17,33,0,11,0,156,2,12,88,30,0,58,0,22,0,39,20,12,370,1,112,0,42,7,7,62,11,2,67,7,0,0,0,0,101,1,11,211,1,110,0,69,42,1,293,1,9,0,4,11,0,0,0,0,0,3,58,67,1,8,3,37,1,10,5,0,0,209,0,0,0,21,0,0,1,3,2,219,0,0,20,0,1,0,10,122,44,57,0,3,0,50,263,0,22,120,1,6,7,44,11,17,80,7,6,4,257,43,1,97,7,0,34,2,2,38,0,34,110,3,0,26,3,3,28,3,64,2,20,51
Michigan,881,578,10,75,44,180,4,2,23,360,71,33,7,8,66,1,9,5,20,0,0,3,41,8,4,1,1,Summer,11.172531214528945,11.135109056462296,2,18,53,17,10,141,19,1,1,5,151,0,1,20,275,3,74,78,3,59,231,4,11,21,10,239,0,126,278,2,130,116,36,0,65,0,226,2,13,133,241,1,360,17,37,1,53,22,270,386,1,62,2,43,7,10,226,14,9,69,15,0,22,0,0,117,2,11,265,2,163,0,75,135,2,284,2,8,0,8,11,0,0,0,0,0,192,48,69,2,5,2,43,22,15,108,0,0,318,0,0,0,38,1,3,75,3,47,159,0,1,39,0,38,0,18,137,266,67,0,47,3,58,210,1,116,61,1,24,7,44,74,19,82,6,54,6,145,76,1,132,13,0,38,3,135,405,0,47,110,2,0,25,5,172,38,3,54,3,20,360
Michigan,881,578,10,75,44,180,4,2,23,360,71,33,7,8,66,1,9,5,20,0,0,3,41,8,4,1,1,Winter,3.3507377979568673,4.64251866648611,2,17,15,1,0,53,3,1,1,5,154,0,0,20,53,3,1,2,0,49,12,2,3,19,10,27,0,0,68,2,6,4,31,0,2,2,113,9,11,33,32,0,3,0,17,0,32,13,1,290,1,18,0,50,7,5,54,11,0,57,8,0,0,0,1,87,1,11,76,1,18,0,64,33,1,85,1,8,0,4,10,0,0,0,0,0,0,40,58,1,5,3,18,0,11,2,0,0,62,0,0,0,30,0,0,1,2,3,6,0,0,21,0,0,0,14,126,45,47,0,21,0,45,47,0,0,0,1,28,6,42,22,19,75,5,6,4,78,40,0,4,10,0,31,2,1,6,0,40,34,3,1,23,5,0,25,6,53,18,18,4
Minnesota,386,253,9,47,9,68,3,4,10,157,26,25,1,1,66,2,12,2,18,1,1,3,41,7,6,0,0,Fall,10.94300518134715,11.46408803969122,1,2,66,1,5,59,3,1,0,4,89,1,2,7,115,2,2,2,0,17,109,3,9,3,1,115,0,39,123,0,86,53,8,0,4,0,102,8,1,54,89,1,89,4,36,1,29,6,76,130,2,15,1,14,3,3,83,15,6,25,43,0,12,0,3,52,0,1,116,0,81,0,42,76,1,108,0,0,0,4,2,0,1,0,0,0,60,15,15,4,2,1,11,0,11,14,1,0,134,0,0,0,56,0,0,0,1,11,46,1,0,32,1,8,0,23,87,131,47,0,138,0,16,103,0,46,11,3,60,5,20,31,11,33,1,20,1,107,89,1,23,12,0,12,3,39,128,0,49,78,0,1,8,4,50,15,4,26,7,4,86
Minnesota,386,253,9,47,9,68,3,4,10,157,26,25,1,1,66,2,12,2,18,1,1,3,41,7,6,0,0,Spring,5.733160621761658,6.289450153334272,1,2,1,0,0,59,62,1,0,3,70,1,1,7,54,2,1,4,0,18,59,3,7,4,1,43,0,3,38,0,28,7,9,0,1,0,74,1,1,24,17,0,20,3,6,1,14,3,4,131,2,48,1,9,3,2,21,7,1,19,1,0,2,0,1,32,0,1,70,0,54,0,29,8,1,122,0,0,0,0,2,0,1,0,0,0,3,15,15,2,2,1,5,0,6,1,1,0,95,0,0,0,8,0,0,0,1,0,91,1,0,21,1,1,0,6,62,13,36,0,1,1,12,114,0,10,67,3,1,3,15,7,10,32,0,5,2,109,18,1,38,2,0,8,0,3,19,1,8,33,0,1,8,1,2,11,3,26,1,3,21
Minnesota,386,253,9,47,9,68,3,4,10,157,26,25,1,1,66,2,12,2,18,1,1,3,41,7,6,0,0,Summer,10.795336787564766,11.117183564453725,1,2,23,5,8,45,10,1,0,3,75,1,1,8,130,2,7,19,1,18,115,3,6,4,1,114,0,60,133,0,86,52,9,0,16,0,97,1,1,46,125,1,155,13,17,1,20,6,122,134,2,23,1,9,3,2,80,9,6,25,5,0,8,0,2,39,0,1,109,0,89,0,32,61,0,107,0,0,0,0,2,0,1,0,0,0,96,11,16,2,2,1,12,1,8,29,1,0,144,0,0,0,22,0,0,2,2,9,87,1,0,31,1,12,0,8,70,116,42,0,18,0,15,78,0,63,38,3,30,4,18,34,10,32,1,25,2,64,39,1,64,4,0,9,1,50,165,0,12,56,0,1,9,1,86,11,3,23,1,3,153
Minnesota,386,253,9,47,9,68,3,4,10,157,26,25,1,1,66,2,12,2,18,1,1,3,41,7,6,0,0,Winter,2.5025906735751295,3.949847082138298,1,2,4,0,0,5,0,2,0,3,72,0,1,7,8,1,0,0,0,14,3,3,1,3,1,10,0,0,16,0,3,0,3,0,0,0,49,1,0,2,12,0,0,2,1,1,15,3,1,111,2,4,1,10,3,0,15,8,2,16,3,2,1,0,1,31,0,1,12,1,3,1,33,4,2,14,0,0,0,0,2,0,1,1,1,0,0,12,12,2,2,1,3,0,7,0,1,0,20,1,0,0,8,0,0,0,1,0,1,1,0,19,1,0,0,6,64,19,27,0,6,0,9,5,0,2,2,3,6,4,15,3,11,29,0,4,2,13,9,1,0,2,1,8,0,1,4,1,14,5,1,2,7,2,0,11,3,21,12,2,1
Mississippi,80,50,1,2,8,11,0,0,1,36,7,3,0,0,62,1,2,10,14,0,0,1,45,9,4,0,0,Fall,9.225,13.113887700941754,0,2,2,0,1,10,1,2,3,0,15,0,1,3,14,0,3,1,0,4,18,0,1,0,0,19,0,7,15,0,11,4,6,0,0,0,22,0,1,16,5,0,17,0,7,0,4,3,8,37,0,12,5,3,0,0,13,0,4,13,8,0,1,0,1,10,0,1,18,1,12,0,7,3,1,22,0,0,0,5,0,0,0,0,0,0,10,3,8,0,0,2,3,1,0,11,0,0,18,1,0,0,1,1,0,2,5,5,12,7,4,8,0,1,0,2,23,13,14,0,15,1,5,18,0,0,1,0,5,0,9,3,1,8,0,2,0,13,8,0,2,4,0,3,0,6,15,1,12,14,0,0,1,3,10,1,0,1,5,1,12
Mississippi,80,50,1,2,8,11,0,0,1,36,7,3,0,0,62,1,2,10,14,0,0,1,45,9,4,0,0,Spring,8.5625,11.718041645257966,0,2,1,1,1,8,5,1,1,0,14,0,0,2,14,0,7,8,0,4,17,0,1,1,1,19,0,5,20,0,14,6,6,0,0,0,23,0,1,16,6,0,21,0,6,0,3,3,9,38,0,13,4,3,0,0,12,0,4,11,6,0,2,0,0,9,0,1,16,0,10,0,7,3,1,21,0,1,0,4,0,0,0,0,0,0,5,3,9,0,0,0,3,1,1,6,0,0,19,1,0,0,2,2,0,1,0,2,13,5,0,8,0,1,0,0,21,13,12,0,1,0,5,18,0,1,0,1,5,0,8,4,1,8,0,0,0,14,8,0,5,1,0,3,0,3,15,1,7,14,0,0,1,0,5,1,0,1,0,1,12
Mississippi,80,50,1,2,8,11,0,0,1,36,7,3,0,0,62,1,2,10,14,0,0,1,45,9,4,0,0,Summer,7.825,9.97436587876865,0,2,2,0,1,2,0,0,3,0,14,0,0,2,4,0,10,13,1,5,1,0,2,1,1,6,0,10,8,0,3,1,6,0,0,0,21,0,1,5,15,0,24,0,3,0,4,3,20,36,0,11,10,3,0,0,15,0,4,11,6,0,3,0,1,10,0,1,4,1,1,1,7,3,1,1,0,0,0,4,0,0,0,0,0,0,13,3,8,0,0,0,2,1,0,21,0,0,21,2,0,0,1,1,0,2,3,4,10,3,3,9,0,3,0,2,19,15,12,0,6,0,5,5,0,1,0,1,0,0,8,5,1,8,0,3,0,1,1,0,4,2,0,3,0,9,26,1,7,3,0,0,1,1,12,1,0,1,0,1,23
Mississippi,80,50,1,2,8,11,0,0,1,36,7,3,0,0,62,1,2,10,14,0,0,1,45,9,4,0,0,Winter,4.675,7.802588015962104,0,2,2,0,1,6,0,2,1,0,13,0,0,3,5,0,1,0,0,3,6,0,1,0,0,7,0,0,7,0,5,2,2,0,0,0,18,0,1,11,1,0,3,0,7,0,3,2,1,30,0,8,0,3,0,0,4,0,3,8,3,0,0,0,0,9,0,1,11,0,5,0,6,1,1,11,0,0,0,3,0,0,0,0,1,0,1,2,4,0,0,2,2,1,0,0,0,0,8,0,0,0,2,0,0,0,1,0,3,5,0,7,0,0,0,0,20,2,10,0,2,0,5,10,0,0,1,0,2,0,7,2,1,8,0,1,0,8,3,0,0,1,0,3,0,1,4,0,7,8,0,0,1,0,0,1,0,1,1,0,2
Missouri,464,292,4,11,26,62,0,0,19,230,42,14,5,5,63,1,2,6,13,0,0,4,50,9,3,1,1,Fall,7.896551724137931,9.851273556018256,2,14,38,2,5,59,2,0,0,3,142,0,0,13,82,1,14,5,1,30,61,0,2,16,7,67,1,20,91,1,44,27,26,0,1,3,131,3,5,54,29,1,68,1,25,2,20,5,45,189,1,22,5,27,11,5,55,6,9,51,33,0,10,0,4,42,0,16,90,0,38,0,62,40,0,109,1,5,0,13,3,0,2,0,0,0,33,12,51,0,5,3,21,2,5,46,2,0,93,0,0,0,16,2,3,10,2,22,38,8,20,25,2,5,0,7,109,88,44,0,96,2,30,89,2,15,6,2,13,3,17,12,4,38,2,8,0,94,50,1,11,16,0,13,1,25,111,0,53,76,4,1,5,17,27,16,3,23,3,10,73
Missouri,464,292,4,11,26,62,0,0,19,230,42,14,5,5,63,1,2,6,13,0,0,4,50,9,3,1,1,Spring,6.323275862068965,7.384460454237239,2,14,1,0,4,71,64,0,0,2,127,0,0,12,90,1,8,11,1,29,73,0,0,17,7,70,1,3,85,1,43,13,25,0,7,0,111,0,5,41,9,0,42,1,13,2,12,4,9,188,1,67,0,16,10,4,36,2,4,48,7,0,2,0,1,30,0,16,91,1,34,0,50,20,0,129,0,6,0,5,3,0,2,0,0,0,4,15,55,0,5,2,19,0,2,6,1,0,96,0,0,0,5,0,0,4,1,3,82,4,1,16,2,3,0,2,97,25,33,0,1,0,27,106,2,6,20,2,4,2,17,5,3,37,2,1,0,107,27,1,52,2,1,13,1,1,39,0,12,59,4,0,3,6,2,12,1,28,0,11,30
Missouri,464,292,4,11,26,62,0,0,19,230,42,14,5,5,63,1,2,6,13,0,0,4,50,9,3,1,1,Summer,7.946120689655173,9.626912086558992,2,14,19,4,6,24,5,0,0,4,124,0,0,13,55,1,75,32,2,29,26,0,2,17,7,35,1,64,76,1,15,22,27,0,10,0,128,1,5,42,82,1,143,3,12,2,15,5,87,191,1,33,6,19,10,5,71,2,5,52,18,0,14,0,2,38,1,16,62,1,18,0,51,30,0,61,1,5,0,12,3,0,2,0,0,0,84,13,59,0,5,2,17,4,5,92,1,0,118,0,0,0,7,1,1,39,1,18,23,4,3,26,2,18,0,8,97,104,45,0,25,0,28,55,2,36,12,1,3,2,20,18,3,39,2,25,0,33,20,1,37,5,0,14,2,41,167,0,18,28,4,0,4,9,80,15,2,23,1,11,136
Missouri,464,292,4,11,26,62,0,0,19,230,42,14,5,5,63,1,2,6,13,0,0,4,50,9,3,1,1,Winter,3.144396551724138,4.803104969251331,2,14,1,0,0,23,0,0,0,2,118,0,0,12,15,2,1,0,0,26,12,0,0,13,6,15,1,0,24,1,7,4,19,0,0,1,73,0,5,15,3,0,1,1,7,2,13,3,0,150,1,12,0,23,8,3,13,3,4,30,9,0,0,0,1,29,0,16,34,0,9,0,52,9,0,36,0,5,0,4,3,0,2,0,0,0,0,11,35,0,5,2,12,0,3,1,2,0,24,0,0,0,5,0,0,0,1,0,5,5,2,13,2,0,0,2,93,19,28,0,5,0,24,24,2,0,2,2,2,2,17,2,3,36,1,0,0,36,16,1,1,5,0,11,1,0,6,0,12,22,5,1,3,7,0,11,1,22,3,5,0
Montana,102,71,1,17,8,20,0,0,5,48,2,4,1,2,70,1,17,8,20,0,0,5,47,2,4,1,2,Fall,10.107843137254902,11.796884017807665,0,2,16,1,3,20,3,0,0,1,21,0,0,2,32,4,2,1,0,9,24,0,0,3,2,32,0,4,34,0,18,14,4,0,1,0,13,2,3,12,14,0,24,2,11,0,2,1,14,38,0,4,1,2,2,0,34,1,0,11,6,0,3,0,0,11,1,1,30,0,15,0,18,21,0,33,0,2,0,1,0,0,0,0,0,0,7,4,4,0,2,1,0,0,1,0,0,0,35,0,0,0,13,0,0,3,0,6,10,0,0,1,0,8,0,3,17,29,8,0,29,0,1,19,0,8,4,0,9,0,17,21,3,6,0,1,0,25,17,0,7,7,0,12,0,11,32,0,5,11,0,0,3,0,3,4,0,12,3,3,20
Montana,102,71,1,17,8,20,0,0,5,48,2,4,1,2,70,1,17,8,20,0,0,5,47,2,4,1,2,Spring,5.745098039215686,7.084617661951541,0,2,1,0,1,26,11,0,0,1,19,0,0,1,14,3,0,0,0,9,11,0,1,3,2,10,0,1,13,0,7,1,4,0,1,0,10,0,3,10,2,0,2,1,3,0,1,0,1,39,0,17,0,1,2,0,7,0,0,8,0,0,0,0,0,7,0,0,21,0,9,0,12,2,0,33,0,2,0,1,0,0,0,0,0,0,2,4,6,0,1,1,1,0,1,0,0,0,23,0,0,0,2,0,0,0,0,0,21,0,0,0,0,0,0,0,12,4,4,0,2,0,1,27,0,2,13,0,1,0,15,6,2,5,0,0,0,32,4,0,5,1,0,9,0,1,4,0,1,9,1,0,2,0,1,3,0,15,1,3,2
Montana,102,71,1,17,8,20,0,0,5,48,2,4,1,2,70,1,17,8,20,0,0,5,47,2,4,1,2,Summer,10,11.10079829436952,0,2,7,3,9,17,3,0,0,1,22,0,0,1,33,3,2,3,0,10,25,0,0,4,2,33,0,6,36,0,21,15,6,0,7,0,10,1,4,12,15,0,36,5,4,0,2,1,23,40,0,7,0,1,2,0,28,0,0,9,2,0,1,0,0,8,2,0,32,0,16,0,12,18,0,33,0,2,0,1,0,0,0,0,0,0,10,4,9,0,0,1,1,0,1,3,0,0,31,0,0,0,3,0,0,3,0,5,21,0,0,2,0,4,0,0,12,25,6,0,3,0,1,18,0,21,12,0,5,0,11,10,2,5,1,1,0,23,10,0,16,1,0,12,0,13,37,0,2,11,1,0,2,0,7,5,0,13,1,3,34
Montana,102,71,1,17,8,20,0,0,5,48,2,4,1,2,70,1,17,8,20,0,0,5,47,2,4,1,2,Winter,3.0294117647058822,4.976093108137178,0,2,1,0,0,5,0,0,0,1,18,0,0,1,7,4,0,0,0,6,0,0,0,3,2,8,0,0,9,0,0,0,4,0,1,0,10,0,3,1,2,0,0,0,4,0,1,0,0,27,0,1,0,1,2,0,13,1,0,6,0,0,0,0,0,6,0,1,6,0,1,0,13,1,0,5,0,1,0,1,0,0,0,0,0,0,0,3,2,0,0,1,0,0,1,0,0,0,8,0,0,0,3,0,0,0,0,0,0,0,0,0,0,0,0,1,14,6,4,0,5,0,1,5,0,0,0,0,1,0,10,9,3,3,0,0,0,9,3,0,0,2,0,10,0,1,0,0,0,1,0,0,1,0,0,3,1,12,5,2,0
Nebraska,87,50,0,8,4,14,2,3,7,30,8,3,0,0,57,0,9,5,16,2,3,8,34,9,3,0,0,Fall,10.344827586206897,12.497281179861982,0,2,12,1,0,13,0,0,0,1,17,0,0,3,25,5,2,1,0,4,13,1,1,2,1,17,0,5,28,0,13,10,9,0,1,1,17,1,3,7,19,0,21,0,8,0,3,0,18,36,0,4,0,3,4,0,19,0,3,9,5,0,3,0,1,14,0,3,23,0,15,0,7,14,0,25,0,0,0,3,0,0,0,0,0,0,14,3,13,2,1,1,2,1,5,11,0,0,30,0,0,0,5,0,0,2,1,5,13,1,0,3,0,1,0,8,14,28,10,0,29,0,4,24,1,3,3,1,4,3,3,4,1,9,0,2,2,17,13,0,3,4,0,4,0,6,30,0,8,15,0,0,3,1,13,6,0,2,3,6,23
Nebraska,87,50,0,8,4,14,2,3,7,30,8,3,0,0,57,0,9,5,16,2,3,8,34,9,3,0,0,Spring,6.482758620689655,7.92679011983093,0,2,0,0,0,17,19,0,0,1,13,0,0,3,17,4,1,2,0,4,13,1,1,2,1,8,0,0,13,0,4,3,8,0,0,0,14,1,3,2,6,0,3,0,2,0,1,2,1,36,0,12,0,2,3,0,9,0,1,9,1,1,0,0,1,10,0,3,14,0,14,0,2,3,1,26,1,0,0,1,0,0,0,0,0,0,1,3,12,2,1,1,3,0,5,0,0,0,20,1,0,0,1,0,0,0,1,0,20,1,0,2,0,0,0,5,10,4,9,0,0,0,3,30,1,2,12,1,1,3,4,2,1,9,0,2,2,22,2,0,8,3,0,4,0,0,3,0,1,6,0,0,3,0,0,6,0,2,0,6,1
Nebraska,87,50,0,8,4,14,2,3,7,30,8,3,0,0,57,0,9,5,16,2,3,8,34,9,3,0,0,Summer,10.137931034482758,11.406008630494252,0,2,6,0,1,8,2,0,0,1,17,0,0,4,26,5,4,3,0,4,14,1,0,2,1,23,0,12,26,0,9,10,9,0,1,1,17,1,3,5,24,0,32,0,4,0,3,1,28,38,0,6,0,2,4,0,20,0,2,9,1,0,1,0,1,14,0,3,18,0,13,0,3,12,0,18,0,0,0,2,0,0,0,0,0,0,21,2,13,2,1,1,2,0,6,14,0,0,30,0,0,0,3,0,0,6,0,2,10,1,0,4,0,0,0,7,10,26,11,0,5,0,4,17,1,8,9,1,3,3,3,6,1,9,0,6,2,8,7,0,9,1,0,4,0,8,36,0,2,10,0,0,4,0,20,7,0,2,0,6,31
Nebraska,87,50,0,8,4,14,2,3,7,30,8,3,0,0,57,0,9,5,16,2,3,8,34,9,3,0,0,Winter,3.310344827586207,6.157450289345243,0,2,0,0,0,2,0,0,0,1,14,0,0,3,3,4,0,0,0,4,1,1,0,1,0,3,0,0,6,0,1,2,6,0,0,0,9,1,3,0,6,0,1,0,2,0,2,1,0,29,0,2,0,3,3,0,7,0,1,6,1,1,0,0,1,8,0,3,4,0,1,0,3,1,1,2,1,0,0,1,0,0,0,0,0,0,0,1,8,2,1,1,2,0,5,0,0,0,6,1,0,0,2,0,0,0,0,0,0,1,0,2,0,0,0,5,8,6,8,0,2,0,3,1,1,0,0,1,1,3,3,2,1,9,0,2,2,3,2,0,0,2,0,4,1,0,2,0,3,3,0,0,3,0,0,6,0,2,4,5,0
Nevada,56,39,0,5,4,10,0,0,2,16,8,3,2,0,70,0,9,7,18,0,0,4,29,14,5,4,0,Fall,10.892857142857142,11.988901794316535,1,1,11,1,3,14,1,0,0,1,12,0,0,2,14,0,1,0,0,5,10,1,0,0,0,10,0,6,16,0,6,4,3,0,1,0,11,3,1,6,7,0,12,0,5,0,3,3,11,26,0,4,1,2,2,4,21,0,3,6,5,1,2,0,0,13,0,2,16,0,4,0,8,9,2,16,1,0,0,1,0,0,0,0,0,0,10,5,2,0,0,0,2,1,0,5,0,0,25,0,0,0,2,0,0,1,0,0,9,0,0,2,0,3,0,0,12,15,7,0,19,0,5,15,1,2,1,0,1,1,9,6,2,6,2,0,0,12,8,0,4,8,0,2,1,7,15,0,8,10,0,0,2,0,8,3,0,2,1,1,12
Nevada,56,39,0,5,4,10,0,0,2,16,8,3,2,0,70,0,9,7,18,0,0,4,29,14,5,4,0,Spring,8.892857142857142,11.113756539333783,1,2,2,4,5,13,9,0,0,1,11,0,0,2,16,1,1,1,1,5,9,1,0,0,0,6,0,3,14,0,5,2,3,0,5,0,10,1,1,5,4,0,6,0,4,0,2,4,4,27,0,13,2,1,2,4,14,1,0,6,3,1,2,0,0,11,0,1,19,0,3,0,5,6,2,16,1,1,0,0,0,0,0,0,0,0,3,5,2,0,0,0,1,2,0,2,0,0,19,0,0,0,2,0,0,2,0,3,13,0,0,2,0,3,0,0,12,5,8,0,2,0,5,15,0,2,3,0,0,1,4,4,1,5,1,0,0,14,4,0,8,1,0,2,0,1,6,0,3,10,0,0,2,0,1,3,0,2,0,1,8
Nevada,56,39,0,5,4,10,0,0,2,16,8,3,2,0,70,0,9,7,18,0,0,4,29,14,5,4,0,Summer,11.5,13.359368520732081,1,1,8,7,4,8,1,0,0,1,11,0,0,2,14,1,6,1,1,4,6,1,0,0,0,7,0,12,14,0,4,2,3,0,6,0,10,1,1,5,9,0,18,1,3,0,2,4,15,27,0,8,5,2,2,5,18,0,1,6,3,1,7,0,0,12,0,1,14,0,6,0,6,7,2,12,1,0,0,1,0,0,0,0,0,0,16,5,2,0,0,1,2,5,0,9,0,0,22,0,0,0,1,1,0,7,0,6,6,0,1,2,0,8,0,1,11,14,8,0,7,0,5,9,0,6,3,0,0,1,6,8,1,6,2,2,0,7,6,0,9,5,0,2,0,13,23,0,2,7,0,0,1,0,15,3,0,2,0,1,22
Nevada,56,39,0,5,4,10,0,0,2,16,8,3,2,0,70,0,9,7,18,0,0,4,29,14,5,4,0,Winter,4.696428571428571,5.818214792926038,1,1,1,1,2,7,1,0,0,1,10,0,0,2,3,0,0,0,0,4,5,1,0,0,0,3,0,0,5,0,3,1,3,0,0,0,10,1,1,2,0,0,1,0,2,0,3,3,1,21,0,3,1,1,2,4,3,1,1,6,3,1,0,0,0,11,0,1,10,0,0,0,8,2,2,8,1,0,0,0,0,0,0,0,0,0,0,5,2,0,0,0,1,1,0,0,0,0,5,0,0,0,0,0,0,1,0,0,1,0,0,2,0,1,0,0,10,1,7,0,1,0,5,6,0,0,0,0,0,1,2,1,2,5,1,0,0,8,4,0,0,2,0,2,0,0,2,0,3,3,0,0,2,0,0,3,0,2,0,1,1
New Hampshire,224,143,2,30,14,43,3,3,6,97,14,12,1,1,64,1,13,6,19,1,1,3,43,6,5,0,0,Fall,12.964285714285714,12.238605808393697,1,7,30,2,1,50,0,1,1,0,47,0,2,7,79,3,4,16,0,30,69,0,4,4,2,74,0,16,86,0,52,37,22,2,4,1,74,13,3,28,34,1,60,0,29,0,16,3,42,118,0,15,0,26,3,3,71,3,10,26,32,0,8,0,1,38,0,2,81,2,37,0,26,59,1,90,1,2,0,0,3,0,0,0,0,0,25,9,37,0,3,0,14,3,0,3,1,0,81,1,0,0,36,0,0,14,2,19,34,2,0,18,1,12,1,4,67,79,28,0,86,1,11,67,0,20,1,0,38,0,10,31,5,23,5,8,0,73,56,1,11,15,0,13,0,17,81,0,43,51,0,2,6,2,21,4,3,15,6,16,53
New Hampshire,224,143,2,30,14,43,3,3,6,97,14,12,1,1,64,1,13,6,19,1,1,3,43,6,5,0,0,Spring,6.861607142857143,6.8345960550061555,1,6,0,0,1,55,34,1,1,0,42,0,1,7,40,3,0,3,0,29,22,0,2,4,2,20,0,1,30,0,10,5,19,0,3,0,60,1,3,12,4,1,16,0,4,0,10,3,0,114,0,44,0,17,3,2,19,2,1,24,1,1,1,0,0,33,0,2,48,0,20,0,20,8,1,80,1,1,0,0,2,0,0,0,0,0,1,15,36,0,2,0,12,0,0,0,1,0,40,1,0,0,10,0,0,0,1,0,60,1,0,14,1,0,1,3,55,9,24,0,0,0,8,72,0,5,22,0,1,0,9,4,3,23,5,0,0,68,5,1,10,3,0,12,0,0,11,0,7,25,0,2,6,1,0,4,3,16,0,15,8
New Hampshire,224,143,2,30,14,43,3,3,6,97,14,12,1,1,64,1,13,6,19,1,1,3,43,6,5,0,0,Summer,13.022321428571429,12.323168669892658,1,7,8,2,5,44,4,1,1,0,42,0,1,7,87,3,15,43,0,31,68,0,3,4,2,70,0,27,93,0,40,44,22,2,8,0,73,3,3,32,55,0,106,4,12,0,16,4,77,120,0,26,0,20,3,2,76,3,8,28,9,0,4,0,0,36,0,2,78,1,34,0,22,44,1,98,1,2,0,1,2,0,0,0,0,0,44,10,38,0,3,0,14,6,1,10,1,0,88,1,0,0,12,0,0,25,1,10,65,1,0,15,1,9,1,4,59,69,24,0,14,0,10,68,0,33,13,0,10,0,9,22,4,23,5,19,0,40,16,1,37,3,0,14,1,28,113,0,9,32,0,2,6,1,39,4,3,14,0,17,104
New Hampshire,224,143,2,30,14,43,3,3,6,97,14,12,1,1,64,1,13,6,19,1,1,3,43,6,5,0,0,Winter,4.392857142857143,5.775869305965121,1,6,1,0,0,12,0,1,1,0,44,0,1,5,15,2,1,2,0,19,0,0,0,3,2,11,0,0,18,0,1,2,17,0,1,0,46,3,2,4,4,1,1,0,7,0,7,2,0,97,0,4,0,20,3,2,25,3,2,19,2,1,1,0,0,28,0,2,25,1,8,0,22,10,1,21,1,1,0,0,3,0,0,0,0,0,1,6,28,0,2,0,2,0,0,0,1,0,26,1,0,0,19,0,0,0,1,0,1,1,0,15,1,0,0,4,58,22,23,0,4,0,7,14,0,2,1,0,11,0,5,14,3,20,2,0,0,29,10,1,1,4,0,10,1,0,1,0,14,16,0,2,6,1,0,3,3,15,18,9,0
New Jersey,241,156,3,39,13,60,2,4,4,90,29,14,2,4,65,1,16,5,25,1,2,2,37,12,6,1,2,Fall,12.53941908713693,12.584361246979025,2,8,44,0,3,79,2,2,2,2,42,0,0,7,82,1,4,3,0,10,81,2,2,7,2,82,0,15,85,0,64,39,11,0,2,1,45,11,7,62,30,8,45,0,41,0,6,2,63,105,0,24,3,25,3,0,66,1,14,12,32,0,7,0,3,48,0,4,101,3,53,0,23,59,3,102,3,4,0,7,3,0,0,0,1,0,21,18,9,1,1,0,10,2,2,21,0,0,85,1,0,0,32,0,2,7,3,22,29,1,3,19,0,1,0,8,48,85,22,0,85,1,6,89,0,19,6,1,33,3,9,25,1,22,3,8,1,83,62,0,13,18,1,16,0,29,94,0,30,76,3,0,9,2,15,7,3,12,9,8,52
New Jersey,241,156,3,39,13,60,2,4,4,90,29,14,2,4,65,1,16,5,25,1,2,2,37,12,6,1,2,Spring,8.033195020746888,8.45915047937095,1,8,2,1,0,74,35,2,3,1,38,0,0,7,75,1,7,14,0,9,56,1,1,6,2,44,0,3,57,0,25,13,10,0,6,0,37,4,7,41,6,1,20,2,16,0,7,3,8,103,0,44,0,15,3,0,25,1,1,11,0,0,3,0,1,42,0,4,87,0,44,0,19,23,3,97,3,4,0,0,4,0,0,0,1,0,3,17,7,1,1,0,10,1,1,2,0,0,69,1,0,0,5,0,0,2,0,1,74,1,0,14,0,3,0,4,37,14,18,0,0,0,7,90,0,9,16,2,4,1,10,3,1,20,2,2,1,77,9,1,45,2,0,12,0,3,12,0,9,54,3,0,8,1,2,6,2,11,0,8,25
New Jersey,241,156,3,39,13,60,2,4,4,90,29,14,2,4,65,1,16,5,25,1,2,2,37,12,6,1,2,Summer,12.307053941908714,11.892097867964459,1,8,16,7,10,46,4,2,3,2,39,0,0,7,83,1,36,40,0,11,41,2,3,8,2,51,0,61,73,0,23,37,11,0,9,0,46,4,7,41,62,1,114,4,22,0,7,2,111,106,0,34,6,17,3,0,79,1,8,11,3,0,8,0,1,50,0,4,80,2,34,0,19,41,4,84,4,4,0,0,4,0,0,0,1,0,78,18,9,1,1,0,10,16,1,47,0,0,100,1,0,0,6,0,1,34,1,13,32,1,1,17,0,10,0,6,37,83,20,0,8,1,6,63,0,38,6,1,4,3,11,30,1,22,2,19,1,28,14,1,27,7,0,15,0,44,127,0,11,34,3,0,9,1,74,8,2,10,0,8,117
New Jersey,241,156,3,39,13,60,2,4,4,90,29,14,2,4,65,1,16,5,25,1,2,2,37,12,6,1,2,Winter,3.796680497925311,5.895279659891159,1,6,4,0,0,16,0,2,2,2,38,0,0,7,12,1,0,2,0,10,4,1,0,6,2,15,0,0,19,0,7,5,11,0,0,0,26,4,6,11,5,0,2,0,5,0,6,2,3,86,0,11,0,24,3,0,16,1,1,11,0,0,2,0,0,38,0,4,32,0,8,0,16,10,4,29,3,3,0,1,3,0,0,0,1,0,0,11,7,1,1,0,4,1,2,1,0,0,21,1,0,0,7,0,0,0,0,2,4,1,0,13,0,1,0,4,37,16,18,0,3,0,7,21,0,0,0,1,8,2,5,2,1,19,2,0,1,24,12,0,3,4,0,14,0,0,5,0,10,15,3,0,5,1,0,5,2,11,15,8,3
New Mexico,82,56,3,8,2,20,0,0,5,31,8,4,0,0,68,4,10,2,24,0,0,6,38,10,5,0,0,Fall,11.890243902439025,11.971165044905604,0,3,18,4,2,18,3,0,0,0,14,0,0,3,27,2,3,0,1,3,19,0,2,2,0,22,0,17,26,0,14,8,9,0,2,0,12,3,1,13,13,0,26,0,11,0,7,3,18,32,1,3,1,5,1,0,17,1,1,11,9,0,8,0,0,9,0,3,25,1,9,0,9,17,0,34,0,2,0,2,1,0,0,0,0,0,17,5,6,0,2,0,2,3,0,8,0,0,27,0,0,0,7,0,0,6,1,13,16,1,0,3,1,7,0,3,6,23,10,1,30,0,4,17,0,4,1,0,5,1,10,5,2,8,0,2,0,27,15,1,5,6,0,3,1,9,31,0,8,16,0,0,4,0,13,7,0,7,0,4,30
New Mexico,82,56,3,8,2,20,0,0,5,31,8,4,0,0,68,4,10,2,24,0,0,6,38,10,5,0,0,Spring,6.914634146341464,7.170242380172693,0,3,1,2,1,18,7,0,0,0,10,0,0,2,19,2,0,0,0,2,10,0,0,3,1,14,0,0,21,0,5,6,9,0,2,0,10,1,1,11,2,0,4,1,7,0,6,2,2,31,1,11,0,4,2,0,15,1,0,11,1,0,0,0,0,5,0,3,24,0,5,0,6,9,0,31,0,3,0,0,1,0,0,0,0,0,0,5,7,0,2,0,2,0,0,0,0,0,23,0,1,0,3,0,0,1,0,0,19,0,0,1,1,1,0,2,6,3,5,0,0,0,2,20,0,0,2,0,1,1,7,1,2,7,0,0,0,27,9,1,3,1,0,3,0,1,7,0,2,12,0,0,4,0,0,7,0,5,0,4,7
New Mexico,82,56,3,8,2,20,0,0,5,31,8,4,0,0,68,4,10,2,24,0,0,6,38,10,5,0,0,Summer,11.231707317073171,10.65195603724743,0,3,10,11,3,12,2,0,0,0,9,0,0,2,21,2,6,0,1,3,13,0,2,3,1,13,0,17,27,0,10,8,10,0,7,0,12,1,1,6,22,0,38,1,7,0,7,2,24,35,1,8,4,4,2,0,24,1,1,11,3,0,8,0,0,8,0,3,18,0,5,0,5,7,0,24,0,2,0,0,1,0,0,0,0,0,22,5,7,0,2,0,1,4,0,15,0,0,32,0,1,0,2,0,0,11,0,10,15,0,1,3,1,12,0,3,6,14,10,1,7,1,2,16,0,8,2,0,0,1,10,4,2,8,0,4,0,16,6,1,7,3,0,3,1,16,41,0,4,13,0,0,4,0,18,7,0,5,0,5,36
New Mexico,82,56,3,8,2,20,0,0,5,31,8,4,0,0,68,4,10,2,24,0,0,6,38,10,5,0,0,Winter,4.963414634146342,6.748470557318382,0,3,3,0,0,9,0,0,1,0,11,0,0,3,11,3,1,0,0,2,7,0,0,2,0,11,0,0,14,0,5,5,8,0,0,0,9,0,1,8,3,0,0,0,6,0,5,2,1,21,1,4,1,5,1,0,7,1,0,11,2,2,0,0,0,6,0,3,13,1,3,0,7,5,0,18,0,2,0,0,1,0,0,0,0,0,0,4,6,0,2,0,1,0,0,0,0,0,13,1,0,0,3,0,0,1,0,1,2,1,0,1,1,0,0,2,6,6,6,0,3,1,2,9,0,1,0,0,2,1,7,2,2,7,0,0,0,13,11,1,0,3,0,3,0,0,2,0,4,7,0,0,3,0,0,7,0,5,1,3,1
New York,1030,661,11,124,72,169,11,14,49,443,85,39,12,15,64,1,12,7,16,1,1,5,43,8,4,1,1,Fall,11.172815533980582,12.295963089340074,2,38,149,8,14,216,3,2,4,8,251,0,4,32,307,4,27,26,2,56,267,12,21,20,5,301,1,41,326,3,219,158,61,1,8,11,262,43,17,183,156,6,197,3,120,0,52,12,189,410,2,47,6,67,16,14,321,18,21,77,120,1,52,1,11,173,1,11,305,7,164,0,135,224,6,318,3,8,1,13,13,0,1,0,0,0,91,31,40,2,13,4,50,12,12,40,0,0,330,3,1,1,146,0,1,32,2,83,124,1,7,50,0,25,0,33,235,343,103,11,345,13,56,256,2,75,26,2,137,6,45,128,30,76,7,46,4,279,251,2,34,51,0,44,4,106,323,2,143,242,13,1,25,18,75,29,4,77,33,20,237
New York,1030,661,11,124,72,169,11,14,49,443,85,39,12,15,64,1,12,7,16,1,1,5,43,8,4,1,1,Spring,6.206796116504854,7.028122906654677,1,36,12,0,5,225,133,1,3,3,221,0,2,27,202,4,9,16,0,50,125,4,16,20,5,102,1,5,158,6,32,35,59,0,11,2,221,10,14,86,21,0,58,2,28,0,39,8,18,408,2,112,1,48,15,12,100,7,5,65,4,2,3,0,3,146,1,8,224,0,84,0,114,50,2,315,2,8,0,4,12,1,1,0,0,0,4,39,42,1,13,5,37,0,7,3,0,0,216,1,1,0,30,0,0,5,0,2,252,2,0,33,0,6,0,13,197,50,81,1,6,1,50,270,0,20,117,1,14,3,36,17,25,73,4,9,4,282,49,2,99,8,1,35,0,4,38,1,29,133,12,1,24,4,2,15,2,83,2,21,60
New York,1030,661,11,124,72,169,11,14,49,443,85,39,12,15,64,1,12,7,16,1,1,5,43,8,4,1,1,Summer,10.870873786407767,11.623416690555576,1,38,65,26,21,173,23,2,4,6,229,0,4,32,330,4,91,156,2,53,213,5,13,21,5,223,1,115,328,3,138,142,61,1,59,3,264,13,15,135,255,3,419,38,51,0,48,12,326,425,2,78,6,53,16,13,327,11,14,70,15,4,33,1,5,165,1,8,289,3,111,0,123,152,7,351,5,8,1,7,13,0,1,0,0,0,177,33,41,3,13,5,48,28,6,89,0,0,342,3,1,0,34,0,0,84,1,55,167,1,3,47,0,58,0,18,204,294,94,13,41,2,54,229,0,140,77,1,26,6,33,85,25,76,6,75,5,160,74,2,130,12,1,41,2,171,438,2,45,139,12,1,24,6,159,26,3,75,3,21,419
New York,1030,661,11,124,72,169,11,14,49,443,85,39,12,15,64,1,12,7,16,1,1,5,43,8,4,1,1,Winter,3.4223300970873787,5.072198505104723,0,37,29,0,0,40,1,1,1,5,213,0,1,23,64,3,0,1,0,41,8,4,3,16,5,53,1,1,78,3,6,7,42,0,1,2,168,14,13,24,16,0,3,0,30,0,34,7,1,330,2,16,0,54,10,11,103,13,3,58,8,0,0,1,1,119,0,10,71,0,24,0,100,45,1,61,0,8,0,4,10,0,0,0,0,0,2,17,34,1,13,4,13,0,6,0,0,0,87,0,1,0,56,0,0,0,1,4,4,0,0,36,0,0,0,13,187,96,71,0,28,0,44,46,0,1,1,2,41,4,28,37,23,67,3,5,4,73,50,0,2,15,0,36,0,2,8,1,45,57,11,0,19,4,2,15,1,70,51,15,5
North Carolina,738,491,10,37,42,161,3,1,38,322,75,35,7,17,67,1,5,6,22,0,0,5,44,10,5,1,2,Fall,8.359078590785908,9.761737128635337,0,10,59,0,9,149,6,0,0,5,154,1,2,18,161,5,10,13,1,31,151,3,10,19,6,171,1,19,157,2,80,41,36,0,1,9,155,11,7,183,48,0,86,0,59,0,37,14,87,302,1,54,43,45,8,11,91,10,36,62,47,0,51,0,1,90,0,6,205,3,69,0,68,58,1,203,1,3,0,18,12,0,0,0,0,0,41,31,50,4,4,16,55,0,4,92,0,0,153,1,0,0,23,3,2,5,12,42,70,37,33,32,0,4,0,13,136,188,56,0,146,0,25,160,0,17,5,1,54,2,44,20,4,60,7,22,2,168,78,0,4,27,0,30,5,24,151,0,79,168,1,4,12,17,34,21,2,24,18,12,88
North Carolina,738,491,10,37,42,161,3,1,38,322,75,35,7,17,67,1,5,6,22,0,0,5,44,10,5,1,2,Spring,7.257452574525745,8.354841137647835,0,11,4,0,3,160,81,0,0,5,143,1,2,16,174,5,17,30,1,32,172,4,5,19,6,176,1,10,176,2,88,28,36,0,10,0,149,3,8,124,30,0,91,0,42,0,36,15,32,304,1,104,4,34,8,11,86,7,8,54,8,0,1,0,0,79,0,6,196,0,78,0,56,50,1,230,1,4,0,8,10,0,0,0,0,0,12,31,49,2,4,10,55,0,3,23,0,0,212,1,0,0,9,0,0,9,3,1,153,11,1,26,0,4,0,3,128,83,52,0,4,0,24,188,0,14,14,1,17,2,37,18,3,62,8,10,2,188,53,0,88,9,0,30,0,8,79,0,23,124,0,3,11,2,11,24,2,29,0,11,75
North Carolina,738,491,10,37,42,161,3,1,38,322,75,35,7,17,67,1,5,6,22,0,0,5,44,10,5,1,2,Summer,8.136856368563686,8.927506736802352,0,9,42,1,12,51,11,0,0,5,149,1,2,19,88,5,92,137,1,34,35,4,7,18,6,47,1,120,92,2,20,24,39,0,11,0,157,4,8,35,164,0,267,1,14,0,37,15,195,307,1,69,73,35,8,10,125,7,14,56,26,0,40,0,1,98,1,6,72,1,10,0,58,44,2,100,1,4,0,23,11,0,0,0,0,0,171,30,50,2,4,11,53,4,6,224,0,0,191,1,0,0,2,5,1,44,7,37,73,11,9,31,0,20,0,9,132,195,55,0,36,0,23,71,0,33,9,1,8,3,39,19,3,59,8,48,2,40,33,0,41,12,0,31,0,63,298,1,34,40,1,3,12,2,158,23,2,29,0,13,244
North Carolina,738,491,10,37,42,161,3,1,38,322,75,35,7,17,67,1,5,6,22,0,0,5,44,10,5,1,2,Winter,4.084010840108401,5.816132447403853,0,10,8,0,1,74,3,0,0,5,143,1,2,15,55,5,2,2,1,26,56,2,1,15,6,77,1,1,73,2,27,9,28,0,0,1,119,3,7,97,17,0,8,0,30,0,33,11,3,258,1,32,0,39,8,8,29,9,11,45,12,0,1,0,1,64,0,6,106,0,25,0,56,32,0,106,0,3,0,7,11,0,0,0,0,0,1,26,41,2,4,11,26,0,4,2,0,0,69,1,0,0,17,0,0,0,5,0,11,26,3,21,0,0,0,5,124,55,47,0,12,0,23,60,0,3,1,1,23,2,30,6,4,62,6,7,2,93,52,0,4,17,0,31,0,3,16,0,34,73,0,6,11,7,1,20,2,19,18,8,6
North Dakota,32,24,0,4,0,12,0,0,0,14,2,1,0,0,75,0,12,0,38,0,0,0,44,6,3,0,0,Fall,18.46875,12.154872579313814,0,0,5,1,0,4,0,0,0,0,5,0,0,2,17,0,0,0,0,9,13,2,0,1,1,17,0,6,22,0,13,8,0,0,0,0,9,0,2,4,16,0,18,1,4,0,1,3,10,16,0,1,0,2,0,0,12,0,0,3,3,0,1,0,0,4,0,0,15,0,14,0,7,9,0,20,0,1,0,0,0,0,0,0,0,1,10,2,2,1,1,0,0,0,2,2,0,0,22,0,0,0,12,0,0,0,0,1,10,0,0,8,0,0,0,4,6,20,6,0,20,0,1,15,0,6,4,0,7,0,3,6,0,7,1,1,0,16,13,0,4,2,0,0,0,5,22,0,4,10,0,0,0,0,9,2,0,2,0,1,18
North Dakota,32,24,0,4,0,12,0,0,0,14,2,1,0,0,75,0,12,0,38,0,0,0,44,6,3,0,0,Spring,7.71875,5.286833157828009,0,0,0,0,0,6,5,0,0,0,4,0,0,2,7,0,0,0,0,8,8,1,0,1,1,5,0,0,6,0,5,0,0,0,0,0,6,0,2,3,1,0,1,0,2,0,1,4,2,15,0,4,0,2,0,0,0,0,0,1,0,0,0,0,0,1,0,0,7,0,8,0,3,0,0,16,0,1,0,0,0,0,0,0,0,0,0,2,2,1,1,0,0,0,0,0,0,0,11,0,0,0,0,0,0,0,0,0,9,0,0,3,0,0,0,1,4,1,4,0,0,0,1,16,0,1,8,0,0,0,4,0,0,7,1,0,0,14,2,0,2,0,0,0,0,0,1,0,0,3,0,0,0,0,0,1,0,2,0,1,5
North Dakota,32,24,0,4,0,12,0,0,0,14,2,1,0,0,75,0,12,0,38,0,0,0,44,6,3,0,0,Summer,17.9375,9.55776158164729,0,0,2,0,0,6,0,0,0,1,4,0,0,2,21,0,0,0,0,8,16,1,0,1,1,15,0,7,24,0,10,7,0,0,1,0,11,0,2,2,19,0,25,2,2,0,2,3,15,17,0,3,0,2,0,0,12,0,0,1,0,0,0,0,0,4,0,0,12,1,10,0,3,6,0,20,0,1,0,0,0,0,0,0,0,1,11,2,2,1,1,0,0,0,0,5,0,0,22,0,0,0,3,0,0,0,0,0,15,0,0,6,0,3,0,1,4,19,7,0,4,0,1,15,0,10,10,0,4,0,4,4,0,7,1,3,0,13,4,0,12,0,0,0,0,7,24,0,1,6,0,0,0,0,11,2,0,2,0,1,23
North Dakota,32,24,0,4,0,12,0,0,0,14,2,1,0,0,75,0,12,0,38,0,0,0,44,6,3,0,0,Winter,3.03125,3.2969621892614045,0,0,1,0,0,1,0,0,0,0,4,0,0,2,0,0,0,0,0,8,0,1,0,1,1,0,0,0,1,0,0,0,0,0,0,0,3,0,2,0,1,0,0,0,0,0,0,3,0,14,0,0,0,2,0,0,0,0,0,1,0,0,0,0,0,1,0,0,1,0,0,0,3,0,0,1,0,1,0,0,0,0,0,0,0,0,0,1,2,1,1,0,0,0,0,0,0,0,0,0,0,0,1,0,0,0,0,0,0,0,0,3,0,0,0,1,5,1,3,0,0,0,1,2,0,0,1,0,1,0,3,0,1,7,1,0,0,1,1,0,0,0,0,0,0,0,1,0,0,0,0,0,0,0,0,1,0,2,1,1,0
Ohio,815,538,13,43,36,122,5,4,25,344,66,43,7,2,66,2,5,4,15,1,0,3,42,8,5,1,0,Fall,10.343558282208589,12.47000350132562,4,24,97,2,7,124,12,1,2,10,194,0,1,42,204,8,27,11,3,64,179,7,8,26,4,207,0,64,200,1,122,80,36,0,7,9,231,26,14,118,133,1,156,3,72,0,46,13,137,354,0,47,5,37,15,16,182,16,17,57,97,2,34,0,6,164,2,14,202,2,113,0,89,113,4,241,4,7,0,29,3,0,1,1,0,0,99,52,47,3,3,12,31,4,11,69,0,0,233,3,0,0,64,0,8,24,8,61,111,4,4,38,1,16,0,38,169,231,91,2,242,3,53,194,2,62,16,5,40,8,70,49,12,77,6,39,14,198,155,2,27,38,2,44,2,77,259,1,113,161,5,0,17,25,86,37,2,41,8,11,179
Ohio,815,538,13,43,36,122,5,4,25,344,66,43,7,2,66,2,5,4,15,1,0,3,42,8,5,1,0,Spring,6.831901840490797,8.804452926883318,5,26,10,1,3,143,142,2,2,9,161,0,1,41,167,8,15,16,1,61,121,5,9,25,5,120,0,4,137,1,58,28,34,0,15,0,183,5,14,81,32,1,75,2,28,0,32,12,21,348,0,116,1,31,15,12,67,8,1,58,8,2,4,0,1,140,1,14,175,1,84,0,80,39,3,246,3,9,0,7,2,0,1,1,0,0,9,53,49,2,3,9,27,1,10,9,1,0,204,4,0,0,15,0,0,8,2,4,181,4,1,25,1,2,0,16,138,32,76,0,6,0,47,202,1,21,69,5,9,6,52,17,12,71,5,10,11,207,49,1,103,8,0,40,2,12,60,1,29,93,5,0,16,6,8,31,1,47,0,11,68
Ohio,815,538,13,43,36,122,5,4,25,344,66,43,7,2,66,2,5,4,15,1,0,3,42,8,5,1,0,Summer,10.561963190184048,12.224086107085247,5,27,62,9,9,84,27,2,3,10,174,0,1,45,201,8,116,93,4,66,131,11,9,27,5,179,0,120,191,1,83,81,36,0,32,2,221,11,16,88,215,1,303,17,34,0,44,14,221,361,0,77,8,34,16,14,229,10,10,58,26,1,22,0,3,168,3,14,188,4,90,0,79,79,5,225,4,8,0,16,2,0,1,1,0,0,186,48,52,6,3,11,32,13,12,128,1,0,269,2,0,0,24,0,3,67,7,49,90,4,3,38,1,32,0,29,144,227,87,2,53,0,51,149,1,130,43,5,11,7,55,58,11,75,5,46,16,86,64,2,110,15,1,43,5,103,350,2,44,97,5,0,16,9,171,41,1,45,0,12,305
Ohio,815,538,13,43,36,122,5,4,25,344,66,43,7,2,66,2,5,4,15,1,0,3,42,8,5,1,0,Winter,3.657668711656442,6.498864914172973,4,26,15,0,1,43,4,0,1,9,166,0,0,37,41,7,3,3,0,53,18,4,6,18,3,22,0,1,65,1,10,11,29,0,2,1,133,10,12,25,35,0,7,0,20,0,27,9,5,286,0,21,0,36,14,14,50,9,3,42,15,3,0,0,2,122,1,14,69,0,18,0,72,25,3,79,3,8,0,8,3,0,1,1,0,0,2,42,38,2,3,10,12,0,9,2,0,0,47,5,0,0,15,0,0,2,2,5,10,4,2,24,1,0,0,20,133,46,63,0,16,0,43,46,1,2,2,5,13,6,33,8,11,70,5,8,12,71,40,1,3,7,1,38,0,4,16,1,40,40,5,0,15,6,2,28,1,39,18,9,7
Oklahoma,151,106,1,7,5,24,0,0,6,79,11,5,2,1,70,1,5,3,16,0,0,4,52,7,3,1,1,Fall,7.509933774834437,9.436713799248038,0,5,5,1,0,17,1,0,0,0,52,1,0,3,20,1,0,1,0,7,24,1,1,4,2,22,0,11,28,0,12,5,11,0,0,3,38,0,2,16,7,0,18,0,3,0,8,3,19,74,0,11,1,9,2,3,15,2,1,24,7,0,1,0,0,10,0,1,26,0,6,0,24,11,0,36,0,2,0,7,0,0,0,0,0,0,15,3,24,1,0,1,6,0,1,23,0,0,23,0,0,0,6,0,0,1,1,7,15,11,7,8,0,1,0,3,29,25,11,0,32,0,3,27,0,3,0,1,3,0,7,3,2,19,2,2,1,32,5,0,3,4,0,1,0,4,30,0,18,22,1,1,1,2,14,3,1,9,2,8,21
Oklahoma,151,106,1,7,5,24,0,0,6,79,11,5,2,1,70,1,5,3,16,0,0,4,52,7,3,1,1,Spring,6.562913907284768,7.127950765767486,0,5,0,1,0,24,19,0,0,1,45,0,0,3,25,1,3,4,0,7,33,0,0,4,2,25,0,2,32,0,12,4,11,0,1,0,28,0,2,16,3,0,17,0,4,0,9,2,7,72,0,22,0,3,2,3,8,2,0,22,1,0,0,0,0,7,0,1,32,0,8,0,20,10,0,43,0,2,0,2,0,0,0,0,0,0,1,3,24,1,0,1,7,0,0,4,0,0,35,0,0,0,4,0,0,1,0,0,24,5,0,7,0,0,0,0,24,17,9,0,1,0,3,38,0,2,2,1,1,0,9,1,1,19,2,1,0,38,6,0,12,0,0,1,0,0,10,0,3,24,1,1,1,1,1,2,1,10,0,8,11
Oklahoma,151,106,1,7,5,24,0,0,6,79,11,5,2,1,70,1,5,3,16,0,0,4,52,7,3,1,1,Summer,7.509933774834437,8.884343944767014,0,5,3,4,2,7,1,0,0,2,46,1,0,3,14,1,18,6,2,7,10,1,1,4,2,11,0,26,17,0,6,2,11,0,1,0,35,0,2,4,27,0,47,1,1,0,9,2,33,72,0,11,2,4,2,4,21,2,2,25,4,0,2,0,0,12,0,1,10,0,3,0,19,8,0,12,0,2,0,4,0,0,0,0,0,0,31,2,26,1,1,1,4,2,1,48,0,0,39,0,0,0,3,0,0,7,1,2,8,5,1,10,0,5,0,2,23,33,10,0,12,0,3,10,0,6,2,1,2,0,8,4,1,19,2,6,1,9,2,0,10,0,0,1,0,8,54,0,5,7,1,1,1,1,30,4,1,9,0,8,42
Oklahoma,151,106,1,7,5,24,0,0,6,79,11,5,2,1,70,1,5,3,16,0,0,4,52,7,3,1,1,Winter,3.3509933774834435,4.522829019535876,0,5,0,0,0,10,0,0,0,0,41,0,0,3,6,1,0,1,0,6,7,0,0,3,1,8,0,0,10,0,4,2,8,0,0,0,19,0,2,8,0,0,2,0,0,0,5,1,2,62,0,4,0,7,2,4,5,1,0,18,1,0,0,0,0,6,0,1,17,0,3,0,19,2,0,14,0,2,0,2,0,0,0,0,0,0,0,2,15,0,1,1,4,0,0,0,0,0,7,0,0,0,1,0,0,0,0,0,0,7,1,8,0,0,0,0,22,5,9,0,2,0,1,5,0,0,0,1,1,0,6,0,3,18,2,0,0,14,5,0,0,3,0,1,0,0,4,0,6,4,1,2,1,1,0,0,1,9,2,5,0
Oregon,542,350,9,56,31,123,2,2,13,225,35,51,9,5,65,2,10,6,23,0,0,2,42,6,9,2,1,Fall,10.896678966789668,12.973897726669138,4,15,112,5,16,111,6,2,1,6,104,0,1,8,156,4,36,21,2,19,138,3,5,8,4,152,1,40,157,2,102,71,17,0,5,6,106,15,6,96,93,2,112,7,36,0,29,9,90,191,1,42,20,21,8,4,136,12,6,50,43,1,38,2,29,49,1,12,162,13,84,0,83,119,5,159,3,6,0,1,1,0,0,1,1,4,62,26,51,4,4,0,25,8,7,19,1,0,165,3,0,0,70,0,2,18,0,74,66,2,12,39,1,33,1,14,82,142,59,15,162,23,22,138,3,30,14,2,54,4,38,73,16,29,6,8,2,143,81,2,45,27,1,22,5,65,152,1,63,111,3,0,12,28,48,23,7,36,8,13,132
Oregon,542,350,9,56,31,123,2,2,13,225,35,51,9,5,65,2,10,6,23,0,0,2,42,6,9,2,1,Spring,6.512915129151292,7.974938748870519,1,16,4,2,17,125,48,1,1,3,81,0,1,8,122,4,11,10,2,18,101,1,3,8,4,81,1,1,102,2,61,21,16,0,8,0,85,3,6,72,18,1,30,5,22,0,23,9,6,193,1,78,4,17,8,4,50,8,1,41,2,1,2,0,12,35,1,10,141,1,57,0,65,51,3,165,2,6,0,0,0,0,0,1,1,2,4,29,52,1,4,0,16,1,4,2,0,0,123,3,0,0,10,0,0,2,0,0,144,1,0,20,1,6,0,5,70,39,46,1,4,2,17,148,0,13,38,2,5,1,29,13,15,28,6,2,0,144,24,2,51,6,1,18,2,4,20,1,13,81,3,0,12,8,4,18,5,35,0,13,30
Oregon,542,350,9,56,31,123,2,2,13,225,35,51,9,5,65,2,10,6,23,0,0,2,42,6,9,2,1,Summer,11.20110701107011,12.902096817350118,1,16,60,6,40,85,18,2,1,5,93,0,1,8,161,4,92,69,19,20,128,1,5,8,4,132,1,66,164,1,83,56,17,0,46,0,107,9,6,85,131,1,196,18,30,0,28,9,148,199,1,67,31,17,8,4,139,10,5,44,16,0,38,2,15,50,1,11,156,6,78,0,66,75,2,170,1,7,0,2,1,0,0,0,1,30,99,28,54,1,4,0,15,16,6,39,0,1,184,3,0,0,23,0,0,31,0,53,100,1,3,32,1,67,1,9,72,140,54,24,47,10,19,126,1,69,41,2,18,4,39,58,15,30,7,17,0,103,36,2,109,13,1,22,5,97,215,1,20,75,3,0,12,8,78,22,8,34,0,13,196
Oregon,542,350,9,56,31,123,2,2,13,225,35,51,9,5,65,2,10,6,23,0,0,2,42,6,9,2,1,Winter,4.062730627306273,6.230606459664702,1,16,16,0,0,47,0,1,1,4,76,0,0,9,49,4,4,5,0,13,37,2,0,8,4,52,1,0,55,1,27,9,11,0,0,3,59,4,6,46,12,0,4,2,15,0,20,8,1,146,1,27,1,17,8,4,56,6,1,34,2,1,1,0,15,33,0,10,83,4,25,0,61,50,3,64,2,6,0,0,0,0,0,1,1,1,0,21,38,1,4,0,10,0,5,1,0,0,59,3,0,0,36,0,0,0,0,4,11,1,5,27,1,1,0,6,67,44,44,1,25,4,18,45,1,1,1,2,20,2,27,25,18,25,4,1,1,56,36,2,2,10,0,15,2,0,4,1,17,36,2,0,7,11,0,18,4,34,23,11,4
Pennsylvania,762,474,15,85,41,154,8,5,28,348,73,43,6,12,62,2,11,5,20,1,1,4,46,10,6,1,2,Fall,12.545931758530184,13.948605325393263,3,35,133,5,8,175,5,3,6,8,207,0,0,32,248,3,31,22,2,71,230,7,13,51,17,254,1,54,241,3,180,114,82,0,8,20,201,57,41,149,141,7,145,6,85,1,39,13,154,326,3,57,9,40,25,15,195,17,29,66,94,4,45,0,5,160,2,14,245,9,132,0,108,156,7,269,5,8,0,20,5,0,0,2,2,0,83,42,76,3,7,5,60,11,21,54,1,0,253,6,1,2,87,2,5,25,4,91,90,5,14,63,1,27,1,42,172,263,97,5,236,11,26,219,4,63,25,5,80,9,40,80,20,86,17,32,9,226,178,1,26,31,2,42,2,69,246,3,114,184,22,4,32,27,68,33,6,47,26,46,159
Pennsylvania,762,474,15,85,41,154,8,5,28,348,73,43,6,12,62,2,11,5,20,1,1,4,46,10,6,1,2,Spring,8.125984251968504,9.183478388453038,2,36,18,3,4,177,138,2,5,8,186,0,0,28,185,3,8,22,0,68,147,6,9,51,16,142,1,5,146,2,76,25,81,0,15,0,174,17,40,78,36,0,64,5,25,0,29,13,16,322,3,123,3,31,25,13,59,11,4,57,6,5,6,0,0,142,1,13,202,3,102,0,78,34,6,277,3,8,0,5,3,0,0,2,2,0,9,44,76,2,6,4,48,5,14,7,0,0,217,6,1,1,14,1,0,9,1,6,213,2,0,51,0,4,1,12,147,53,82,0,3,1,25,230,3,22,109,3,2,6,32,16,16,83,17,6,10,238,46,1,133,7,2,41,1,6,42,1,32,108,22,3,29,3,6,30,6,49,1,48,56
Pennsylvania,762,474,15,85,41,154,8,5,28,348,73,43,6,12,62,2,11,5,20,1,1,4,46,10,6,1,2,Summer,11.94225721784777,12.7051604836004,2,35,70,25,13,78,17,2,5,9,193,0,0,31,236,3,117,137,3,70,109,7,13,51,17,147,1,141,221,1,79,76,84,0,53,1,209,16,41,78,214,2,300,25,36,0,35,14,257,332,3,74,10,32,26,14,223,13,17,63,12,5,43,0,1,156,2,14,177,6,96,0,85,107,7,260,4,8,0,8,3,0,0,2,2,0,199,39,78,2,6,4,55,50,19,106,0,0,270,5,1,1,22,1,2,83,1,64,95,2,3,57,0,60,1,20,155,248,93,3,31,4,25,129,3,137,46,3,15,7,31,76,17,86,17,57,9,81,53,1,101,15,3,44,1,123,335,1,49,85,22,3,30,4,183,33,6,44,2,49,315
Pennsylvania,762,474,15,85,41,154,8,5,28,348,73,43,6,12,62,2,11,5,20,1,1,4,46,10,6,1,2,Winter,4.514435695538058,6.999374968092088,2,32,33,0,2,55,1,2,3,7,188,0,0,26,56,3,1,4,0,51,15,6,2,45,14,49,2,1,70,1,11,13,71,0,2,3,119,26,32,35,30,4,6,0,22,0,24,11,2,266,2,20,1,36,21,12,58,9,4,48,6,6,5,0,0,115,0,14,73,2,20,0,79,30,4,77,2,7,0,4,3,0,0,1,2,0,1,28,64,3,6,3,28,1,15,1,0,0,66,7,1,1,28,1,0,3,1,8,7,3,2,47,0,1,1,16,147,83,71,0,11,0,23,57,4,3,2,4,23,6,27,11,16,76,13,6,8,75,42,1,6,10,2,37,1,2,7,1,45,53,21,3,25,9,0,25,6,41,45,38,2
Rhode Island,49,29,4,10,2,6,0,0,2,15,4,1,0,0,59,8,20,4,12,0,0,4,31,8,2,0,0,Fall,10.326530612244898,10.907542793678068,0,3,4,0,0,14,0,0,0,0,11,0,0,2,15,0,2,2,0,1,15,0,2,0,0,14,0,0,19,0,10,7,1,0,0,0,9,4,0,12,4,0,6,0,8,0,2,0,14,17,0,1,0,3,0,0,14,0,0,1,6,0,1,0,0,5,0,0,19,0,8,0,3,12,0,18,0,2,0,0,0,0,0,0,0,0,4,0,0,0,1,0,1,1,0,1,0,0,15,0,0,0,9,0,0,2,0,1,3,0,0,3,0,0,0,0,8,19,4,0,16,0,2,14,0,5,2,0,3,0,2,6,0,2,1,1,0,14,9,0,2,1,0,3,0,1,15,0,10,15,2,0,2,0,3,0,0,1,2,0,9
Rhode Island,49,29,4,10,2,6,0,0,2,15,4,1,0,0,59,8,20,4,12,0,0,4,31,8,2,0,0,Spring,6.571428571428571,7.881941385217223,0,3,1,0,0,14,5,0,0,0,9,0,0,2,15,0,0,1,0,1,10,0,1,0,0,9,0,1,11,0,3,1,1,0,1,0,9,0,0,7,1,0,1,0,2,0,2,0,1,17,0,9,0,3,0,0,4,0,0,1,0,0,0,0,0,6,0,0,16,0,7,0,1,2,0,17,0,1,0,0,0,0,0,0,0,0,1,0,0,0,1,0,1,0,0,0,0,0,13,0,0,0,0,0,0,1,0,1,14,0,0,3,0,1,0,0,7,1,4,0,0,0,2,16,0,2,4,0,0,0,3,2,0,1,1,0,0,13,2,0,5,0,0,3,0,0,3,0,2,9,2,0,1,0,1,0,0,2,1,0,3
Rhode Island,49,29,4,10,2,6,0,0,2,15,4,1,0,0,59,8,20,4,12,0,0,4,31,8,2,0,0,Summer,9.959183673469388,10.456176770362159,0,3,2,0,2,10,1,0,0,0,10,0,0,2,15,0,4,9,0,1,10,0,0,0,0,9,0,5,18,0,5,5,1,0,0,0,9,1,0,6,8,0,21,0,1,0,1,0,21,17,0,5,0,3,0,0,16,0,1,1,0,0,0,0,0,7,0,0,14,0,3,0,2,9,0,17,0,2,0,0,0,0,0,0,0,0,13,0,0,0,0,0,1,0,0,5,0,0,19,0,0,0,2,0,0,2,0,1,6,0,0,4,0,1,0,0,7,15,4,0,3,0,2,10,0,7,1,0,1,0,3,6,0,1,1,3,0,6,2,0,6,0,0,3,0,7,22,0,3,6,2,0,1,0,12,0,0,1,1,0,21
Rhode Island,49,29,4,10,2,6,0,0,2,15,4,1,0,0,59,8,20,4,12,0,0,4,31,8,2,0,0,Winter,2.63265306122449,4.131655628351971,0,3,1,0,0,3,0,0,0,0,9,0,0,2,0,0,0,0,0,1,0,0,0,0,0,0,0,0,2,0,0,0,0,0,0,0,8,1,0,1,0,0,0,0,0,0,1,0,0,15,0,0,0,3,0,0,4,0,0,1,1,0,0,0,0,3,0,0,4,0,1,0,1,2,0,4,0,1,0,0,0,0,0,0,0,0,0,0,0,0,0,0,1,0,0,0,0,0,4,0,0,0,2,0,0,0,0,0,0,0,0,2,0,0,0,0,7,4,3,0,2,0,2,2,0,0,0,0,0,0,2,1,0,1,1,0,0,5,2,0,0,0,0,3,0,0,0,0,3,2,2,0,1,0,0,0,0,1,4,0,0
South Carolina,220,137,5,4,11,48,1,1,8,85,17,12,2,1,62,2,2,5,22,0,0,4,39,8,5,1,0,Fall,8.25,9.122016619948237,1,7,16,4,1,33,3,1,1,0,45,0,0,8,52,0,8,4,0,12,49,0,2,9,7,47,0,9,49,0,22,3,11,0,1,2,53,3,1,58,14,0,38,0,9,0,12,4,31,98,0,13,10,10,0,3,17,2,6,22,14,1,9,0,1,35,0,0,61,2,14,0,14,6,2,58,2,0,0,12,2,0,0,0,1,0,14,11,22,1,4,1,10,3,0,35,0,0,42,2,0,0,5,0,2,3,6,14,30,21,7,6,1,5,0,0,40,43,14,0,40,0,11,43,0,5,0,0,15,0,15,1,1,18,2,3,0,45,21,0,4,6,1,5,1,4,54,0,20,42,1,1,2,2,12,4,1,4,4,3,37
South Carolina,220,137,5,4,11,48,1,1,8,85,17,12,2,1,62,2,2,5,22,0,0,4,39,8,5,1,0,Spring,7.163636363636364,8.741887064942322,1,7,2,1,2,35,17,1,1,0,41,0,0,7,46,0,12,17,0,12,41,0,1,8,7,39,0,8,43,0,18,8,11,0,2,0,47,2,1,31,19,0,47,0,8,0,13,2,16,99,0,22,4,6,1,5,16,2,2,22,4,1,1,1,0,35,0,0,47,0,13,0,15,11,2,57,2,0,0,2,2,0,0,0,1,0,11,10,19,0,4,1,10,3,2,9,0,0,52,0,0,0,4,0,0,5,2,1,47,7,0,4,1,8,0,1,34,38,9,0,1,0,10,48,0,3,2,0,11,0,11,3,1,18,2,2,0,44,16,0,26,1,0,4,1,2,36,0,9,30,0,1,2,1,11,7,1,4,1,2,36
South Carolina,220,137,5,4,11,48,1,1,8,85,17,12,2,1,62,2,2,5,22,0,0,4,39,8,5,1,0,Summer,7.840909090909091,8.41759187957331,1,7,6,2,4,11,2,2,2,0,41,0,0,8,13,0,31,41,0,12,6,1,3,8,7,8,0,29,17,0,4,4,11,0,4,1,49,2,1,9,50,0,75,0,1,0,14,4,55,100,0,16,25,6,1,5,28,2,4,24,6,1,15,1,0,40,0,0,15,2,3,1,15,9,5,18,4,0,0,10,2,0,0,0,1,0,50,8,20,1,4,1,8,10,1,75,0,0,46,2,0,0,1,1,0,22,7,18,27,10,5,7,1,15,0,0,36,44,15,0,7,1,11,20,0,9,1,0,0,0,11,5,1,19,2,8,0,9,6,0,12,2,1,4,1,11,89,0,8,5,0,1,2,1,49,7,1,6,1,3,71
South Carolina,220,137,5,4,11,48,1,1,8,85,17,12,2,1,62,2,2,5,22,0,0,4,39,8,5,1,0,Winter,4.177272727272728,5.493078402520676,1,7,3,1,1,18,0,1,1,0,43,0,0,8,22,0,1,1,0,10,25,0,0,8,7,26,0,0,20,0,8,4,9,0,0,0,43,2,1,40,2,0,3,0,7,0,13,2,1,81,0,5,3,10,0,2,9,1,5,16,4,1,1,0,0,31,0,0,37,0,5,0,14,3,2,26,2,0,0,2,2,0,0,0,1,0,0,9,19,0,4,1,6,0,1,1,0,0,16,1,0,0,3,0,0,0,1,0,8,12,0,3,1,0,0,0,33,14,11,0,3,0,9,15,0,0,0,0,7,0,6,0,1,18,2,1,0,24,14,0,3,4,0,4,0,0,4,0,11,22,1,1,2,1,0,4,1,3,5,2,5
South Dakota,53,34,0,9,1,7,0,1,1,23,4,3,0,1,64,0,17,2,13,0,2,2,43,8,6,0,2,Fall,11.283018867924529,13.097823304906822,0,0,8,0,2,7,0,0,1,1,14,0,1,1,13,2,0,0,0,4,10,1,0,3,2,13,0,9,18,0,8,6,2,0,1,0,12,1,1,8,12,0,15,0,4,0,2,0,7,20,0,1,1,2,5,1,13,1,2,3,4,1,1,1,0,8,0,1,15,0,10,0,10,9,1,12,1,0,0,1,0,0,0,0,1,0,12,2,3,2,0,0,4,0,2,4,0,0,19,1,0,0,6,1,0,1,1,1,10,0,0,2,0,1,0,1,13,21,2,0,23,0,1,10,0,2,2,0,5,1,5,6,3,1,0,4,0,15,10,0,4,2,0,3,0,7,17,0,4,10,0,1,0,0,12,6,1,4,0,2,14
South Dakota,53,34,0,9,1,7,0,1,1,23,4,3,0,1,64,0,17,2,13,0,2,2,43,8,6,0,2,Spring,6.0754716981132075,7.5672600889616115,0,0,0,0,0,9,9,0,0,1,14,0,1,1,10,2,0,0,0,3,5,1,0,2,1,7,0,0,7,0,5,2,2,0,0,0,5,0,1,5,2,0,7,0,2,0,0,0,0,18,0,7,0,0,5,0,2,0,2,3,1,0,0,0,0,4,0,0,11,0,5,0,8,0,1,15,1,1,0,0,0,0,0,0,0,0,0,2,3,0,0,0,5,0,1,0,0,0,11,1,0,0,0,1,0,0,0,0,12,0,0,1,0,0,0,0,8,0,2,0,0,0,2,14,0,1,9,0,0,1,6,0,2,1,0,1,0,16,1,0,6,0,0,3,0,0,3,0,0,6,0,0,0,0,0,4,1,4,0,2,4
South Dakota,53,34,0,9,1,7,0,1,1,23,4,3,0,1,64,0,17,2,13,0,2,2,43,8,6,0,2,Summer,10.867924528301886,12.184538967082355,0,0,2,1,1,10,2,0,1,1,13,0,1,1,15,2,0,0,0,3,14,1,0,2,1,13,0,11,17,0,8,6,2,0,1,0,11,1,1,7,17,0,21,0,1,0,0,0,15,20,0,2,1,0,5,0,12,0,2,3,2,0,3,0,0,4,0,0,17,0,9,0,7,6,1,17,1,1,0,0,0,0,0,0,1,0,12,2,3,0,0,0,6,0,1,5,0,0,21,1,0,0,6,1,0,1,0,1,17,0,0,1,0,1,0,0,8,16,2,0,4,0,2,12,0,5,6,0,2,1,5,5,1,1,0,3,0,9,4,0,8,1,0,3,0,8,23,0,0,6,0,0,0,0,11,5,2,5,0,2,20
South Dakota,53,34,0,9,1,7,0,1,1,23,4,3,0,1,64,0,17,2,13,0,2,2,43,8,6,0,2,Winter,3.2264150943396226,5.157673556623263,0,0,0,0,0,2,0,0,0,1,12,0,1,1,3,2,0,0,0,3,1,1,0,2,1,2,0,0,3,0,1,1,1,0,0,0,3,0,1,2,3,0,2,0,1,0,0,0,0,14,0,0,0,1,5,0,3,0,1,3,1,0,0,0,0,5,0,1,4,0,1,0,10,1,1,7,1,0,0,0,0,0,0,0,0,0,0,1,3,1,0,0,2,0,1,0,0,0,1,1,0,0,0,1,0,0,0,0,1,0,0,1,0,0,0,1,7,1,2,0,0,0,1,3,0,0,0,0,1,1,4,1,2,1,0,1,0,5,1,0,0,0,0,3,0,0,1,0,0,1,0,0,0,0,0,5,1,4,0,2,0
Tennessee,385,238,4,15,32,53,5,1,16,160,24,9,5,4,62,1,4,8,14,1,0,4,42,6,2,1,1,Fall,7.94025974025974,9.844312282092606,0,11,21,0,4,61,0,0,0,1,92,0,1,11,79,1,5,2,0,33,69,1,4,12,3,79,0,13,82,0,44,23,12,0,0,2,82,4,3,80,33,0,42,0,38,0,17,10,45,141,1,18,8,18,3,2,54,5,18,33,25,0,10,0,1,45,0,4,93,0,43,0,43,29,1,103,0,3,0,18,3,0,0,0,0,0,21,21,23,0,1,7,29,2,2,46,0,0,75,0,0,1,15,2,1,6,1,17,44,5,4,15,0,1,0,8,68,84,40,1,83,0,21,84,0,6,2,0,15,0,26,13,3,34,3,7,2,80,44,1,10,7,0,16,1,18,80,0,33,76,1,0,8,2,17,5,1,8,6,8,54
Tennessee,385,238,4,15,32,53,5,1,16,160,24,9,5,4,62,1,4,8,14,1,0,4,42,6,2,1,1,Spring,6.942857142857143,8.195009732990531,0,11,3,0,6,80,31,0,0,1,84,0,0,9,91,0,10,12,2,32,79,1,1,12,4,83,0,5,93,0,55,29,11,0,4,0,77,2,2,64,22,0,39,0,16,0,15,8,19,142,1,35,3,14,1,1,43,5,6,31,6,0,1,0,0,37,0,4,98,0,43,0,34,28,1,118,0,3,0,5,3,0,0,0,0,0,4,22,27,0,1,3,25,1,1,9,0,0,101,0,0,1,7,0,0,2,1,0,71,0,0,9,0,3,0,2,59,37,30,0,3,0,21,92,0,8,6,0,7,0,21,13,2,33,1,4,1,85,32,1,53,2,0,12,1,3,44,0,11,55,1,0,6,0,4,6,0,9,0,8,36
Tennessee,385,238,4,15,32,53,5,1,16,160,24,9,5,4,62,1,4,8,14,1,0,4,42,6,2,1,1,Summer,8.283116883116882,9.263523371792196,0,11,26,0,7,26,8,0,0,1,86,0,1,10,56,1,53,55,3,33,24,2,3,13,4,30,0,58,65,0,14,27,12,0,5,2,76,3,3,25,93,0,131,0,8,0,18,10,98,144,1,17,15,14,2,1,76,5,11,34,10,0,14,0,0,51,0,4,42,1,16,0,34,25,1,62,0,3,0,9,3,0,0,0,0,0,83,22,27,0,1,4,21,2,1,107,0,0,105,0,0,1,4,1,0,21,2,17,45,0,3,13,0,5,0,5,59,91,39,1,26,0,23,48,0,25,5,0,3,0,23,17,2,34,2,22,1,37,23,1,31,5,0,13,1,38,149,0,18,20,1,0,7,1,79,6,1,7,0,8,136
Tennessee,385,238,4,15,32,53,5,1,16,160,24,9,5,4,62,1,4,8,14,1,0,4,42,6,2,1,1,Winter,3.727272727272727,5.858657152997061,0,11,3,0,1,36,0,0,0,1,85,0,0,8,30,1,1,1,0,26,24,1,2,9,3,32,0,1,40,0,12,9,10,0,0,0,56,1,2,32,8,0,2,0,10,0,14,5,4,105,1,7,1,16,1,1,18,5,8,25,6,0,1,0,0,23,0,4,48,0,15,0,32,14,0,51,0,3,0,6,3,0,0,0,0,0,1,20,21,0,1,3,14,0,0,1,0,0,29,0,0,0,9,0,0,1,2,0,8,1,1,9,0,0,0,4,62,22,28,0,10,0,16,41,0,0,1,0,9,1,17,5,2,32,1,2,2,48,19,1,2,4,0,14,1,0,5,0,14,37,1,1,5,0,1,6,0,7,7,8,3
Texas,792,554,9,36,45,109,4,2,28,400,44,39,9,15,70,1,5,6,14,1,0,4,51,6,5,1,2,Fall,6.848484848484849,8.921756967400423,0,18,13,3,6,88,8,0,3,2,217,1,2,25,108,3,16,8,1,43,110,1,4,20,7,100,1,44,111,0,81,26,41,0,1,1,194,0,10,102,40,0,102,1,31,0,39,23,78,377,2,49,29,31,7,15,69,11,16,94,32,6,15,0,0,85,0,21,130,2,48,2,70,36,10,150,8,5,1,28,8,0,0,2,0,1,65,24,64,2,6,3,11,2,4,90,2,0,118,14,1,1,15,1,1,14,6,33,70,67,23,54,0,8,0,4,135,100,65,0,111,0,35,126,0,4,2,2,17,0,58,17,2,71,1,5,1,133,65,2,17,7,6,29,3,18,161,2,72,95,4,5,10,1,53,27,4,15,9,18,120
Texas,792,554,9,36,45,109,4,2,28,400,44,39,9,15,70,1,5,6,14,1,0,4,51,6,5,1,2,Spring,6.747474747474747,8.984569927135864,0,19,7,4,17,103,50,1,1,2,213,1,2,23,129,3,54,28,3,40,114,1,4,20,8,111,0,23,143,0,83,32,39,0,1,0,197,1,11,95,42,0,124,1,42,0,37,24,54,379,2,64,16,25,8,15,92,9,11,95,8,4,7,0,0,80,0,19,133,1,57,5,73,64,6,166,5,6,1,15,6,0,0,1,0,1,28,24,64,1,6,3,12,6,4,48,2,1,166,4,1,0,18,2,0,38,2,11,99,17,5,46,0,23,0,3,131,77,59,0,12,0,35,141,0,6,5,2,16,1,47,28,1,71,1,11,1,136,72,3,49,3,4,26,2,21,126,2,27,93,4,4,10,1,23,26,4,17,2,18,111
Texas,792,554,9,36,45,109,4,2,28,400,44,39,9,15,70,1,5,6,14,1,0,4,51,6,5,1,2,Summer,6.791666666666667,8.162742979271027,0,18,17,8,14,42,11,0,2,1,212,1,2,25,44,3,79,39,0,43,27,1,4,21,8,21,0,115,63,0,17,18,43,1,3,0,190,1,10,31,105,0,208,0,13,0,38,24,130,380,2,54,67,25,8,15,87,10,12,97,19,4,32,0,1,103,0,20,59,2,18,4,74,33,11,56,8,5,0,22,7,0,0,1,1,2,143,23,66,3,7,3,10,9,5,183,2,0,150,3,1,1,7,4,0,73,3,44,69,21,15,57,0,50,0,5,125,107,72,0,50,0,33,62,0,9,3,2,3,0,51,22,1,74,1,13,1,48,37,4,32,5,5,27,2,54,225,2,27,33,4,4,10,0,124,27,5,17,2,18,189
Texas,792,554,9,36,45,109,4,2,28,400,44,39,9,15,70,1,5,6,14,1,0,4,51,6,5,1,2,Winter,4.696969696969697,6.638514670137383,0,18,3,0,5,70,8,0,1,1,205,1,2,22,80,4,7,4,0,40,100,1,2,20,8,96,1,2,93,0,75,29,35,0,0,1,165,0,9,81,12,0,15,1,31,0,33,23,6,335,2,35,2,32,6,13,34,11,6,79,12,9,6,0,0,68,0,19,113,1,48,2,67,35,10,119,7,5,0,17,7,0,0,3,0,1,3,22,51,1,6,4,9,0,3,7,2,1,80,9,1,0,18,1,0,4,3,4,36,36,3,40,0,1,0,2,128,27,55,0,11,0,29,91,0,1,3,2,16,0,46,13,1,68,1,3,1,96,73,2,16,2,5,27,2,4,31,2,36,61,4,7,10,0,3,24,4,16,10,16,12
Utah,97,69,2,5,5,20,0,0,3,34,9,3,1,2,71,2,5,5,21,0,0,3,35,9,3,1,2,Fall,10.144329896907216,13.060747243427576,1,2,24,4,0,21,1,0,0,1,31,0,0,5,22,0,2,0,0,10,13,1,1,6,1,21,0,8,28,0,11,11,13,0,2,0,14,1,1,14,16,0,18,1,9,0,3,2,15,30,0,3,1,1,2,2,19,1,2,11,6,0,5,0,1,23,0,0,24,0,13,0,8,15,0,25,0,0,1,0,0,0,0,0,0,1,10,8,11,1,0,0,3,1,1,4,0,0,30,0,0,0,10,0,0,9,0,8,13,0,1,4,0,6,0,2,14,31,7,2,34,0,5,25,2,4,6,0,8,1,5,8,1,11,0,2,1,28,12,0,3,6,0,3,0,9,30,0,12,19,1,0,2,1,7,4,0,2,1,4,23
Utah,97,69,2,5,5,20,0,0,3,34,9,3,1,2,71,2,5,5,21,0,0,3,35,9,3,1,2,Spring,6.639175257731959,8.613441006902029,0,2,1,5,0,25,12,0,0,2,24,0,0,5,22,0,0,0,0,9,17,1,0,6,1,12,0,1,20,0,6,4,12,0,5,0,10,0,1,5,4,0,6,1,2,0,3,2,3,30,0,8,0,1,1,2,14,1,0,13,1,1,1,0,0,15,0,1,22,0,12,0,6,6,1,27,0,0,0,0,0,0,0,0,0,0,1,9,11,1,0,0,3,0,1,0,0,0,22,0,0,0,2,0,0,1,0,1,26,0,0,2,0,0,0,2,10,6,6,0,1,0,5,27,0,1,8,0,1,1,3,3,0,10,0,0,1,30,7,0,4,3,0,3,0,2,4,0,4,12,1,0,2,1,1,2,0,3,0,4,4
Utah,97,69,2,5,5,20,0,0,3,34,9,3,1,2,71,2,5,5,21,0,0,3,35,9,3,1,2,Summer,10.793814432989691,14.3017613602966,0,2,11,8,3,19,4,0,0,1,26,0,0,5,27,0,6,2,2,10,17,1,1,6,1,22,0,16,32,0,14,13,13,0,12,0,12,0,1,14,23,0,36,2,10,0,4,2,24,31,0,6,2,1,1,2,23,1,0,14,2,1,5,0,0,19,0,0,22,0,15,0,8,14,1,23,0,0,1,0,0,0,0,0,0,1,21,10,13,1,0,0,3,5,1,5,0,0,31,1,0,0,3,0,0,14,0,7,14,0,1,4,0,11,0,2,13,19,6,1,6,0,5,24,0,10,10,0,5,1,3,5,0,11,0,6,1,22,6,0,9,3,1,3,0,13,34,0,5,14,1,0,2,0,19,4,0,3,1,4,35
Utah,97,69,2,5,5,20,0,0,3,34,9,3,1,2,71,2,5,5,21,0,0,3,35,9,3,1,2,Winter,3.6907216494845363,7.525457938366979,0,2,3,0,0,9,0,0,0,1,23,1,0,5,5,0,0,0,0,8,3,1,0,5,1,3,0,0,9,0,2,1,9,0,1,0,7,0,1,2,2,0,0,1,0,0,2,2,0,27,0,2,1,1,2,2,7,1,2,9,3,2,0,0,0,15,0,1,9,0,4,0,6,3,1,10,0,0,0,0,0,0,0,0,0,0,1,5,7,1,0,0,2,0,1,0,0,0,9,3,0,0,0,0,0,1,0,1,1,0,0,2,0,0,0,2,10,8,6,0,4,0,4,8,0,0,0,0,2,1,3,2,0,8,0,0,1,12,5,0,0,3,1,3,0,0,2,0,5,4,1,0,2,0,1,1,0,2,1,4,1
Vermont,217,124,3,52,17,25,2,2,7,105,4,5,0,0,57,1,24,8,12,1,1,3,48,2,2,0,0,Fall,12.866359447004609,12.886456503711623,1,6,27,2,3,58,1,0,0,1,58,0,0,5,78,0,6,13,0,16,70,2,8,5,3,78,0,6,86,0,55,40,16,0,0,1,65,9,5,33,35,1,47,3,29,0,15,0,43,96,0,7,2,7,3,0,68,5,4,18,24,0,5,0,2,35,0,2,81,3,39,0,34,64,0,80,0,4,0,1,3,0,0,0,0,0,15,10,33,0,2,0,8,1,3,6,0,0,86,0,0,0,46,0,0,2,2,6,30,2,2,34,0,3,0,4,57,80,35,1,79,3,7,63,0,18,2,2,37,1,11,45,16,11,5,14,0,77,69,0,4,10,0,11,0,35,69,0,33,65,6,0,13,2,13,6,3,17,7,8,45
Vermont,217,124,3,52,17,25,2,2,7,105,4,5,0,0,57,1,24,8,12,1,1,3,48,2,2,0,0,Spring,6.953917050691245,7.675580316613934,1,6,2,1,0,61,29,0,0,1,54,0,0,5,48,0,2,5,0,14,30,1,2,5,3,16,0,0,35,0,6,2,15,0,0,1,42,3,5,14,4,1,9,2,5,0,6,0,2,93,0,40,0,5,3,0,20,2,0,13,1,0,2,0,1,27,0,2,52,2,18,0,26,12,0,72,0,4,0,0,3,0,0,0,0,0,1,11,31,0,2,0,5,1,3,0,0,0,60,0,0,0,12,0,0,1,1,1,53,2,1,21,0,2,0,2,46,12,28,1,1,2,4,72,0,4,29,2,2,1,11,4,14,11,5,1,0,71,13,0,24,3,0,10,0,0,10,0,4,22,5,0,11,2,1,5,3,16,1,8,4
Vermont,217,124,3,52,17,25,2,2,7,105,4,5,0,0,57,1,24,8,12,1,1,3,48,2,2,0,0,Summer,12.43778801843318,12.647172524412845,1,6,10,1,8,51,6,0,0,1,54,0,0,5,80,0,11,42,0,16,62,1,5,5,3,65,0,32,82,0,42,34,16,0,3,1,67,5,5,25,61,1,84,11,15,0,12,0,68,97,0,21,0,6,3,1,61,3,2,16,3,0,5,0,1,32,0,2,74,3,38,0,27,39,0,82,0,4,0,1,4,0,0,0,0,0,47,7,33,0,2,0,8,2,2,14,0,0,83,0,0,0,10,0,0,6,1,7,51,2,1,31,0,8,0,1,50,72,34,1,10,2,5,67,0,33,17,2,5,1,7,17,14,11,5,16,0,48,19,0,41,3,1,10,0,49,97,0,8,36,4,0,14,2,38,5,3,16,2,9,87
Vermont,217,124,3,52,17,25,2,2,7,105,4,5,0,0,57,1,24,8,12,1,1,3,48,2,2,0,0,Winter,4.940092165898617,7.0809542403851955,1,6,4,1,0,14,0,0,0,1,54,0,0,4,28,0,2,4,0,12,5,2,2,5,3,21,0,0,34,0,3,3,12,0,0,1,46,4,4,5,6,1,1,3,11,0,8,0,1,84,0,4,0,4,3,0,27,4,0,13,3,0,2,0,1,26,0,2,25,2,7,0,31,17,0,16,0,4,0,0,3,0,0,0,0,0,0,7,23,0,2,0,1,1,3,0,0,0,31,0,0,0,19,0,0,1,1,1,4,2,1,18,0,1,0,2,48,31,25,1,9,2,5,15,0,3,2,2,16,1,8,16,15,11,4,1,0,26,18,0,3,2,0,10,0,1,3,0,11,20,5,0,8,2,0,6,3,16,9,4,2
Virginia,700,460,10,32,42,130,6,0,31,347,48,21,6,8,66,1,5,6,19,1,0,4,50,7,3,1,1,Fall,9.108571428571429,10.745977626640506,1,23,79,4,7,117,10,2,2,3,185,0,3,12,149,7,13,13,0,52,130,0,13,26,10,144,0,32,145,5,90,38,54,0,3,15,208,21,11,141,54,3,88,3,53,0,41,12,88,342,0,31,17,45,11,14,109,16,27,66,60,3,17,0,1,98,0,6,175,5,63,0,104,77,5,180,5,7,0,20,11,0,0,0,2,0,48,29,62,1,5,4,38,2,1,57,2,0,158,3,1,1,46,1,2,14,8,44,66,17,17,44,0,8,0,8,179,179,67,1,149,0,48,134,0,25,12,1,32,2,42,33,8,63,9,16,0,152,87,3,9,25,2,39,3,31,161,1,127,128,8,7,19,19,41,20,8,36,20,19,97
Virginia,700,460,10,32,42,130,6,0,31,347,48,21,6,8,66,1,5,6,19,1,0,4,50,7,3,1,1,Spring,7.307142857142857,8.450560104157786,1,24,6,2,9,130,113,3,2,3,174,0,3,11,145,6,24,29,0,52,140,2,13,25,10,132,0,8,125,4,61,31,53,0,16,1,188,8,10,93,19,1,63,4,25,0,37,13,23,343,0,77,1,22,9,9,58,11,5,65,8,2,4,0,1,73,0,4,154,3,60,0,83,37,4,208,4,8,0,9,10,0,0,1,2,0,9,32,63,1,5,3,32,5,1,22,2,0,163,3,1,2,16,0,1,9,4,3,149,4,1,35,0,5,0,1,159,64,58,0,3,0,51,159,0,18,33,1,8,2,30,25,8,61,8,5,1,168,53,3,85,7,2,36,1,9,60,1,38,89,9,4,18,6,6,23,6,39,5,20,44
Virginia,700,460,10,32,42,130,6,0,31,347,48,21,6,8,66,1,5,6,19,1,0,4,50,7,3,1,1,Summer,8.961428571428572,9.924028914084971,1,24,46,11,10,58,20,3,2,4,171,0,3,14,124,6,107,82,1,52,43,3,11,26,10,63,0,105,124,4,32,38,55,0,32,2,207,11,11,42,148,2,227,8,12,0,40,12,167,351,0,51,30,30,9,12,125,11,13,66,15,2,25,0,1,98,0,4,76,5,32,0,85,57,6,120,6,9,0,12,11,0,0,1,2,0,140,30,65,2,5,3,35,18,2,138,2,0,180,2,1,2,13,1,3,60,6,42,49,4,5,41,0,31,1,4,165,166,64,1,29,0,47,94,0,62,18,1,6,3,32,36,9,63,10,36,0,52,41,3,55,8,1,39,3,66,268,1,47,45,9,4,18,5,130,28,7,37,5,20,215
Virginia,700,460,10,32,42,130,6,0,31,347,48,21,6,8,66,1,5,6,19,1,0,4,50,7,3,1,1,Winter,3.6514285714285712,5.126294605520382,1,23,9,0,1,41,3,1,1,2,165,0,3,11,26,7,1,2,0,42,20,0,3,23,9,24,0,1,35,4,6,5,42,0,0,2,141,10,10,41,5,2,3,1,16,0,28,10,1,277,0,14,0,40,10,12,21,7,8,52,16,2,1,0,1,66,0,6,61,2,8,0,79,12,4,56,4,7,0,11,8,0,0,0,2,0,1,21,47,0,4,3,12,1,1,4,2,0,26,1,1,1,12,0,0,0,4,2,5,7,2,30,0,0,0,2,156,29,51,0,6,0,41,31,0,1,0,1,8,1,29,6,8,58,7,3,0,51,29,3,2,7,2,34,1,1,10,0,43,38,8,6,18,5,1,20,5,34,28,15,2
Washington,657,435,12,90,39,143,5,4,20,259,49,34,14,12,66,2,14,6,22,1,1,3,39,7,5,2,2,Fall,10.792998477929984,12.62968385663692,1,21,133,5,19,139,5,2,1,4,96,0,3,8,205,5,42,40,4,19,172,2,14,7,4,190,0,26,217,3,141,85,25,0,13,7,96,20,6,133,111,6,146,6,62,0,34,16,91,224,2,48,9,18,7,4,178,13,13,51,43,1,42,0,13,75,3,4,211,10,121,1,78,163,2,205,1,9,0,8,3,0,0,1,1,4,50,28,29,1,8,2,38,7,6,18,0,0,211,2,0,1,102,0,0,18,1,80,78,0,4,23,1,41,0,12,96,194,42,11,204,14,34,163,2,44,20,1,72,3,48,88,25,52,4,23,1,177,124,0,38,40,1,24,2,82,196,1,65,130,3,1,16,24,33,24,9,55,16,9,168
Washington,657,435,12,90,39,143,5,4,20,259,49,34,14,12,66,2,14,6,22,1,1,3,39,7,5,2,2,Spring,6.181126331811264,8.088256125029481,0,21,8,5,19,158,60,3,2,2,64,0,2,7,139,2,7,16,3,16,118,1,3,7,4,98,0,3,126,2,52,17,25,0,19,1,69,6,5,73,9,1,34,3,21,0,25,17,12,230,2,103,0,15,6,4,57,6,2,42,7,1,2,0,3,47,0,3,172,2,78,1,51,50,3,209,1,9,0,0,1,0,0,0,0,2,6,30,29,1,8,2,25,1,3,4,0,0,154,2,0,1,15,0,0,4,1,3,170,0,0,16,1,4,0,2,66,31,30,1,5,0,31,184,1,22,84,1,6,1,45,14,19,51,5,5,0,184,26,0,58,6,0,22,0,5,24,0,14,98,2,0,12,2,4,16,10,58,4,7,31
Washington,657,435,12,90,39,143,5,4,20,259,49,34,14,12,66,2,14,6,22,1,1,3,39,7,5,2,2,Summer,10.837138508371385,12.463334874327483,1,22,72,32,48,125,12,1,1,4,70,0,2,8,201,2,97,115,14,17,177,2,6,7,4,169,0,50,223,2,129,71,25,0,61,1,97,8,7,111,139,2,248,21,42,0,27,17,151,234,2,77,17,14,7,4,183,7,8,42,15,0,21,0,4,73,1,3,202,5,119,1,54,99,2,219,1,10,0,4,2,0,0,1,1,18,81,32,30,1,7,2,27,21,5,35,1,0,224,2,0,1,25,0,0,43,1,60,137,0,2,18,1,82,0,5,74,167,37,19,43,4,34,152,2,118,75,1,21,1,39,62,22,52,4,33,0,126,34,0,124,7,1,23,2,122,258,1,18,90,3,0,13,6,61,23,9,49,3,9,244
Washington,657,435,12,90,39,143,5,4,20,259,49,34,14,12,66,2,14,6,22,1,1,3,39,7,5,2,2,Winter,3.6042617960426178,7.0690311444781635,1,23,17,2,1,42,2,4,2,3,62,0,2,6,51,4,4,5,2,13,30,2,5,6,4,54,0,2,65,2,15,12,20,0,2,2,50,10,4,46,8,2,4,1,18,1,18,14,3,167,2,19,1,18,6,4,66,9,3,37,10,2,2,0,4,48,0,4,103,6,25,0,48,66,4,61,2,9,0,2,2,0,0,2,1,2,2,22,25,2,7,2,15,3,4,2,1,0,60,3,0,2,49,0,0,2,2,7,9,1,1,17,1,2,0,5,66,56,29,3,22,0,29,38,2,5,3,2,24,2,36,24,19,47,4,2,1,42,50,0,4,20,2,23,0,1,4,0,24,30,3,1,13,4,2,15,9,48,26,5,1
West Virginia,128,84,2,2,13,17,2,0,1,64,12,6,2,1,66,2,2,10,13,2,0,1,50,9,5,2,1,Fall,8.3515625,9.470708962270539,0,6,15,0,1,20,1,0,0,1,29,0,0,6,22,0,2,1,0,13,18,0,2,2,1,22,0,4,24,0,12,9,3,0,0,1,38,2,0,15,15,0,18,0,4,0,9,4,8,53,0,12,2,11,1,1,18,1,0,12,11,0,1,0,0,15,0,0,28,0,10,0,17,14,0,31,0,3,0,5,6,0,0,0,0,0,11,1,6,0,1,3,10,0,0,5,0,0,26,0,0,0,8,0,0,1,0,6,7,0,3,9,0,0,0,4,27,31,12,0,31,0,14,21,0,6,4,0,3,1,20,9,5,14,0,2,0,25,17,0,2,5,0,5,0,8,30,0,12,21,1,0,5,11,10,5,1,10,1,2,17
West Virginia,128,84,2,2,13,17,2,0,1,64,12,6,2,1,66,2,2,10,13,2,0,1,50,9,5,2,1,Spring,6.0390625,6.1136253452599405,0,5,1,0,1,24,17,0,0,0,22,0,0,4,18,0,2,1,0,13,18,0,0,1,1,15,0,0,16,1,8,3,3,0,3,0,33,0,0,8,0,0,9,0,2,0,10,3,1,53,0,22,0,8,1,1,10,0,0,13,4,0,0,0,0,11,0,0,29,0,7,0,10,3,0,41,0,2,0,2,6,0,0,0,0,0,0,2,7,0,1,2,10,0,0,1,0,0,31,0,0,0,0,0,0,0,0,0,25,0,0,4,0,0,0,0,20,7,11,0,0,0,14,26,0,2,10,0,0,0,12,2,4,11,0,0,0,32,8,0,6,1,0,5,0,0,6,0,3,13,1,0,4,2,0,4,0,11,1,2,6
West Virginia,128,84,2,2,13,17,2,0,1,64,12,6,2,1,66,2,2,10,13,2,0,1,50,9,5,2,1,Summer,9.125,9.172021819204776,0,6,5,0,2,7,0,0,0,0,22,0,0,4,32,0,21,8,0,13,15,0,1,2,1,24,0,7,33,0,9,11,3,0,5,0,41,0,0,9,27,0,51,0,2,0,10,4,28,55,0,18,3,9,1,1,23,1,0,13,5,0,4,0,0,16,0,0,24,0,11,0,15,11,0,34,0,3,0,5,6,0,0,0,0,0,18,1,7,0,1,2,13,0,0,17,0,0,37,0,0,0,2,0,0,6,0,3,12,0,0,8,0,2,0,0,22,32,13,0,4,0,15,15,0,14,7,0,1,0,16,9,5,12,0,6,0,11,13,0,6,1,0,5,0,11,55,0,5,10,1,0,6,2,15,4,0,11,1,2,48
West Virginia,128,84,2,2,13,17,2,0,1,64,12,6,2,1,66,2,2,10,13,2,0,1,50,9,5,2,1,Winter,2.96875,4.102884524005377,0,5,0,0,0,3,0,0,0,1,23,0,0,4,4,0,0,0,0,13,1,0,0,1,1,2,0,0,3,0,1,2,2,0,0,0,22,1,0,4,1,0,0,0,1,0,7,2,0,46,0,7,0,9,1,1,5,0,0,9,3,0,0,0,0,10,0,0,6,0,0,0,11,1,0,7,0,2,0,2,6,0,0,0,0,0,0,1,5,0,1,2,4,0,0,0,0,0,4,0,0,0,1,0,0,0,0,0,1,0,0,4,0,0,0,1,21,3,11,0,2,0,12,3,0,1,1,0,1,1,12,0,3,9,0,0,0,8,4,0,0,0,0,4,0,0,0,0,2,4,1,0,4,2,0,4,0,10,1,2,0
Wisconsin,582,379,9,102,27,102,5,6,19,259,33,35,6,2,65,2,18,5,18,1,1,3,45,6,6,1,0,Fall,11.625429553264604,12.470712239348906,1,10,102,2,5,116,1,0,0,6,165,0,2,22,187,10,9,13,0,27,161,6,8,9,3,183,0,46,200,0,126,95,22,0,4,1,174,36,13,69,93,12,115,5,70,2,40,6,98,239,0,24,1,18,7,5,188,17,11,34,57,0,25,1,5,105,0,14,183,1,124,0,88,134,1,184,1,5,0,14,6,0,0,0,1,0,78,23,15,0,5,2,38,1,7,25,0,0,213,0,1,0,91,0,0,12,3,39,60,1,1,42,0,16,0,22,137,200,59,0,204,3,20,167,1,66,14,1,96,6,29,75,22,44,4,30,0,158,154,1,16,30,0,18,4,56,187,1,71,125,1,2,14,10,72,25,7,44,10,5,114
Wisconsin,582,379,9,102,27,102,5,6,19,259,33,35,6,2,65,2,18,5,18,1,1,3,45,6,6,1,0,Spring,6.420962199312715,7.189093894052402,1,9,6,0,1,128,129,0,0,3,145,0,1,16,108,10,5,2,0,23,94,1,8,8,2,58,0,3,76,0,33,7,19,0,4,0,118,11,12,30,14,0,30,1,15,1,24,7,4,223,0,81,0,11,7,4,47,10,2,27,6,0,1,0,3,77,0,15,128,0,94,0,59,15,1,181,1,6,0,1,5,0,0,0,0,0,4,26,14,0,5,2,36,0,3,2,0,0,148,0,1,0,14,1,0,4,1,1,151,1,0,24,0,0,0,9,107,19,41,0,4,0,18,180,1,17,107,0,5,1,23,9,21,40,4,3,0,172,27,1,67,8,1,15,0,4,20,1,19,69,2,1,12,0,3,14,4,43,1,5,29
Wisconsin,582,379,9,102,27,102,5,6,19,259,33,35,6,2,65,2,18,5,18,1,1,3,45,6,6,1,0,Summer,11.132302405498281,11.696006991426835,2,9,46,5,8,89,16,0,0,4,149,0,1,15,194,10,33,47,2,25,159,1,7,8,2,162,0,93,207,0,104,97,22,0,26,0,170,14,13,64,155,3,245,23,21,2,34,8,181,242,0,41,0,13,7,4,176,13,5,31,14,0,14,1,5,89,1,14,171,1,140,0,62,80,1,182,1,6,0,2,5,0,0,0,0,0,132,21,15,0,5,2,31,4,7,42,0,0,217,0,1,0,19,0,0,17,2,23,115,1,0,41,0,22,0,11,112,170,58,0,31,0,19,121,1,98,44,0,21,3,22,55,21,43,5,38,0,77,45,1,92,2,0,18,1,93,248,1,26,65,1,1,13,2,118,18,5,41,0,5,219
Wisconsin,582,379,9,102,27,102,5,6,19,259,33,35,6,2,65,2,18,5,18,1,1,3,45,6,6,1,0,Winter,3.6288659793814433,5.489127894819983,1,9,14,1,0,30,0,0,1,4,146,0,1,16,33,10,1,3,0,21,3,1,4,8,2,27,0,0,50,0,4,3,20,0,0,0,116,18,10,4,18,3,4,0,19,1,22,4,0,186,0,11,0,15,5,4,67,13,1,26,8,1,0,0,4,70,0,14,36,0,15,0,63,21,1,38,1,5,0,2,6,0,0,1,0,0,0,25,12,0,5,2,11,0,4,0,0,0,59,1,1,0,30,0,0,1,1,2,0,1,0,25,0,0,0,11,112,53,37,0,16,0,13,27,1,3,1,0,22,2,20,25,21,40,3,5,0,39,30,1,4,11,0,14,1,3,8,0,34,32,1,1,12,4,0,15,6,39,13,5,1
Wyoming,38,26,0,3,3,5,0,0,0,22,0,2,1,0,68,0,8,8,13,0,0,0,58,0,5,3,0,Fall,9.868421052631579,11.93262856484571,0,3,3,0,2,4,0,1,1,0,18,1,0,0,10,0,0,0,0,2,10,0,0,2,2,9,0,0,10,0,5,3,1,0,1,0,10,0,1,1,4,0,9,1,2,0,2,1,5,10,0,2,0,2,1,0,7,0,0,5,2,0,2,0,0,3,0,1,7,1,5,0,10,7,0,11,0,1,0,2,0,0,0,0,0,0,3,3,4,1,2,0,0,0,0,2,0,0,11,0,0,1,4,1,0,0,0,0,3,0,0,4,0,1,0,0,8,11,4,0,8,0,2,8,0,2,1,0,2,0,2,4,4,3,1,3,0,7,8,0,3,0,0,0,0,5,10,1,8,5,0,0,2,0,2,3,0,3,1,2,9
Wyoming,38,26,0,3,3,5,0,0,0,22,0,2,1,0,68,0,8,8,13,0,0,0,58,0,5,3,0,Spring,5.605263157894737,6.708362968165932,0,3,0,0,0,9,6,1,1,0,12,1,0,0,1,0,0,0,0,2,2,0,0,2,2,2,0,0,2,0,1,1,1,0,0,0,7,0,1,1,0,0,1,0,3,0,1,1,0,9,0,5,0,1,1,0,4,0,0,3,1,0,0,0,0,1,0,1,8,0,1,0,6,1,0,11,0,1,0,1,0,0,0,0,0,0,0,3,3,1,2,0,1,0,0,0,0,0,5,0,0,1,0,1,0,0,0,0,5,0,0,1,0,0,0,0,7,3,4,0,0,0,2,10,0,0,5,0,0,0,1,0,2,3,1,0,0,12,3,0,1,0,0,0,0,0,0,1,3,0,0,0,2,0,0,3,0,5,0,2,1
Wyoming,38,26,0,3,3,5,0,0,0,22,0,2,1,0,68,0,8,8,13,0,0,0,58,0,5,3,0,Summer,10.894736842105264,11.815677797772251,0,3,2,1,1,7,2,1,1,0,15,1,0,0,13,0,0,0,0,2,8,0,0,2,2,11,0,2,13,0,7,3,1,0,2,0,10,0,1,4,8,0,14,0,2,0,2,1,7,10,0,2,0,1,1,0,10,0,0,4,1,0,2,0,0,3,0,1,9,0,7,0,9,7,0,11,0,1,0,1,0,0,0,0,0,0,5,2,4,1,2,0,1,0,0,1,0,0,14,0,0,1,2,1,0,1,0,2,8,0,0,4,0,2,0,0,7,10,4,0,4,0,2,12,0,4,2,0,1,0,1,3,3,3,1,1,0,11,5,0,6,0,0,0,0,3,12,1,5,5,0,0,2,0,4,3,0,4,0,2,13
Wyoming,38,26,0,3,3,5,0,0,0,22,0,2,1,0,68,0,8,8,13,0,0,0,58,0,5,3,0,Winter,3.5,5.371345394903529,0,3,0,0,0,1,0,1,1,0,12,1,0,0,1,0,0,0,0,2,0,0,0,2,2,1,0,0,1,0,0,0,1,0,0,0,5,0,1,0,0,0,0,0,1,0,1,0,0,9,0,2,0,2,1,0,1,0,0,3,1,0,0,0,0,2,0,1,1,0,1,0,6,1,0,2,0,1,0,2,0,0,0,0,0,0,0,3,3,1,2,0,0,0,0,0,0,0,2,0,0,1,0,1,0,0,0,0,0,0,0,1,0,0,0,0,7,4,3,0,1,0,2,1,0,0,0,0,0,0,1,1,2,3,1,0,0,0,3,0,0,0,0,1,0,0,0,1,3,0,0,0,3,0,0,3,0,3,1,2,0
